glacier_id,dH,slope,aspect,elevation
CL108130010,14.35791,0.0,270.0,147.0
CL108130010,18.03955,2.635026454925537,185.19442749023438,146.0
CL108130010,13.705566,2.1607890129089355,186.34019470214844,146.0
CL108130010,11.633301,1.39176344871521,210.96376037597656,146.0
CL108130010,11.275879,1.067520260810852,206.56504821777344,144.0
CL108130010,12.459473,1.067520260810852,206.56504821777344,145.0
CL108130010,12.402344,1.721006155014038,236.3099365234375,145.0
CL108130010,10.286621,1.39176344871521,239.03623962402344,147.0
CL108130010,16.336426,1.6876049041748047,351.8699035644531,145.0
CL108130010,11.544922,1.2171181440353394,348.6900634765625,145.0
CL108130010,7.493164,1.067520260810852,296.5650634765625,145.0
CL108130010,9.469238,1.067520260810852,243.43495178222656,146.0
CL108130010,7.149414,0.754894495010376,161.56504821777344,146.0
CL108130010,15.167969,1.2171181440353394,11.309932708740234,146.0
CL108130010,13.541504,1.2171181440353394,11.309932708740234,146.0
CL108130010,4.929199,0.9548412561416626,0.0,146.0
CL108130010,2.15625,0.754894495010376,341.5650634765625,146.0
CL108130010,5.319824,0.3376147150993347,315.0,146.0
CL108130010,6.810547,0.0,270.0,146.0
CL108130010,8.470215,0.9548412561416626,0.0,147.0
CL108130010,4.6606445,1.0127503871917725,45.0,146.0
CL108130010,2.543457,0.3376147150993347,45.0,146.0
CL108130010,4.498047,0.0,270.0,146.0
CL108130010,4.625,0.0,270.0,146.0
CL108130010,4.17334,0.0,270.0,146.0
CL108130010,7.305176,0.0,270.0,146.0
CL108130010,7.440918,1.0127503871917725,315.0,147.0
CL108130010,4.505371,0.4774537682533264,0.0,147.0
CL108130010,1.3847656,1.067520260810852,63.4349479675293,147.0
CL108130010,1.8032227,0.754894495010376,71.56504821777344,146.0
CL108130010,8.099609,0.0,270.0,146.0
CL108130010,6.5283203,0.0,270.0,146.0
CL108130010,2.833496,0.0,270.0,146.0
CL108130010,1.7285156,0.0,270.0,146.0
CL108130010,9.227051,0.3376147150993347,315.0,147.0
CL108130010,-0.45654297,0.3376147150993347,135.0,147.0
CL108130010,-9.933105,1.067520260810852,116.56504821777344,147.0
CL108130010,-9.187988,0.754894495010376,108.43495178222656,146.0
CL108130010,-3.909668,0.0,270.0,146.0
CL108130010,-2.5581055,0.3376147150993347,135.0,146.0
CL108130010,1.3930664,0.754894495010376,161.56504821777344,146.0
CL108130010,5.307617,1.2171181440353394,168.6900634765625,146.0
CL108130010,11.975098,0.0,270.0,147.0
CL108130010,7.305176,0.0,270.0,147.0
CL108130010,-4.9819336,1.067520260810852,116.56504821777344,147.0
CL108130010,-7.7592773,1.350224494934082,135.0,146.0
CL108130010,-8.535645,0.4774537682533264,180.0,146.0
CL108130010,-7.6308594,0.0,270.0,146.0
CL108130010,-8.164551,0.754894495010376,108.43495178222656,146.0
CL108130010,-5.006836,1.350224494934082,135.0,145.0
CL108130010,0.9951172,1.5095269680023193,161.56504821777344,145.0
CL108130010,11.022949,0.3376147150993347,135.0,147.0
CL108130010,2.3901367,0.754894495010376,161.56504821777344,147.0
CL108130010,-4.614746,1.39176344871521,120.96375274658203,147.0
CL108130010,-9.53418,0.754894495010376,108.43495178222656,145.0
CL108130010,-13.564941,0.4774537682533264,270.0,146.0
CL108130010,-13.549805,0.0,270.0,146.0
CL108130010,-10.602051,0.9548412561416626,90.0,146.0
CL108130010,-6.125,1.432096242904663,90.0,145.0
CL108130010,-3.7265625,0.4774537682533264,0.0,144.0
CL108130010,1.9956055,2.0527751445770264,305.5376892089844,145.0
CL108130010,2.663086,1.067520260810852,153.43495178222656,147.0
CL108130010,0.1538086,1.067520260810852,153.43495178222656,146.0
CL108130010,-6.4970703,0.6752060055732727,135.0,146.0
CL108130010,-10.859863,0.3376147150993347,45.0,146.0
CL108130010,-12.838379,0.3376147150993347,315.0,146.0
CL108130010,-15.826172,0.0,270.0,146.0
CL108130010,-16.34961,0.9548412561416626,90.0,146.0
CL108130010,-10.953613,1.067520260810852,63.4349479675293,145.0
CL108130010,-3.5004883,1.721006155014038,326.3099365234375,145.0
CL108130010,5.8188477,2.3619914054870605,315.0,146.0
CL108130010,-2.2504883,0.754894495010376,161.56504821777344,146.0
CL108130010,-11.9609375,0.3376147150993347,135.0,146.0
CL108130010,-9.806152,0.3376147150993347,315.0,146.0
CL108130010,-6.7543945,0.4774537682533264,0.0,146.0
CL108130010,-7.371582,0.4774537682533264,90.0,146.0
CL108130010,-10.475586,0.754894495010376,161.56504821777344,146.0
CL108130010,-11.072754,1.0127503871917725,135.0,146.0
CL108130010,-6.772461,0.0,270.0,145.0
CL108130010,-1.2880859,1.5095269680023193,288.4349365234375,146.0
CL108130010,10.31543,0.9548412561416626,270.0,147.0
CL108130010,13.916504,0.6752060055732727,135.0,147.0
CL108130010,-7.4057617,0.4774537682533264,180.0,146.0
CL108130010,-10.42627,0.3376147150993347,225.0,146.0
CL108130010,-9.40918,0.4774537682533264,270.0,146.0
CL108130010,-6.78125,0.3376147150993347,135.0,147.0
CL108130010,-8.165039,1.721006155014038,123.69007110595703,146.0
CL108130010,-9.845703,1.8175220489501953,156.80140686035156,145.0
CL108130010,-7.9331055,1.432096242904663,180.0,145.0
CL108130010,-0.9584961,1.067520260810852,243.43495178222656,145.0
CL108130010,2.8520508,1.2171181440353394,258.6900634765625,146.0
CL108130010,6.4125977,0.754894495010376,198.43495178222656,146.0
CL108130010,7.5839844,0.754894495010376,161.56504821777344,146.0
CL108130010,-6.8911133,0.754894495010376,161.56504821777344,145.0
CL108130010,-13.55957,1.0127503871917725,225.0,146.0
CL108130010,-18.392578,0.6752060055732727,225.0,146.0
CL108130010,-15.928223,1.350224494934082,135.0,146.0
CL108130010,-15.938477,2.385944128036499,126.8698959350586,145.0
CL108130010,-14.394531,1.39176344871521,149.03623962402344,144.0
CL108130010,-13.499512,1.0127503871917725,225.0,144.0
CL108130010,-6.5839844,1.6876049041748047,261.8699035644531,145.0
CL108130010,-14.657227,0.9548412561416626,270.0,145.0
CL108130010,-17.555176,0.3376147150993347,225.0,146.0
CL108130010,-12.922363,1.8175220489501953,113.19859313964844,146.0
CL108130010,-7.936035,1.5095269680023193,108.43495178222656,144.0
CL108130010,-6.9223633,0.754894495010376,341.5650634765625,144.0
CL108130010,-11.847656,2.0527751445770264,324.4623107910156,144.0
CL108130010,-14.521484,2.698951005935669,315.0,145.0
CL108130010,-17.387207,0.4774537682533264,90.0,146.0
CL108130010,-16.201172,1.6876049041748047,98.1301040649414,145.0
CL108130010,-16.396973,0.6752060055732727,45.0,144.0
CL108130010,-18.24414,2.0248682498931885,315.0,145.0
CL108130010,-20.791504,3.0543699264526367,321.3401794433594,146.0
CL108130010,-17.199707,3.109632968902588,327.52880859375,147.0
CL108130010,-4.930664,1.350224494934082,45.0,145.0
CL108130010,-10.512207,1.432096242904663,0.0,145.0
CL108130010,-13.10791,1.721006155014038,303.6900634765625,145.0
CL108130010,-13.542969,2.1607890129089355,276.3401794433594,147.0
CL108130010,-13.554199,1.067520260810852,26.565052032470703,146.0
CL108130010,-16.919434,0.9548412561416626,0.0,146.0
CL108130010,-21.475586,0.6752060055732727,315.0,146.0
CL108130010,-22.865723,1.39176344871521,239.03623962402344,146.0
CL108130010,-17.186035,0.754894495010376,71.56504821777344,146.0
CL108130010,-20.46582,0.0,270.0,146.0
CL108130010,-26.565918,0.0,270.0,146.0
CL108130010,-26.952148,0.4774537682533264,270.0,146.0
CL108130010,-13.052734,0.754894495010376,108.43495178222656,146.0
CL108130010,-22.052734,0.3376147150993347,135.0,146.0
CL108130010,-32.052734,0.4774537682533264,180.0,146.0
CL108130010,-31.98291,0.9548412561416626,270.0,146.0
CL108130010,-26.932129,0.4774537682533264,180.0,146.0
CL108130010,-37.120605,0.754894495010376,108.43495178222656,146.0
CL108130010,-44.293457,0.4774537682533264,180.0,145.0
CL108130010,-40.42285,1.5095269680023193,251.56504821777344,146.0
CL108130010,-34.100098,0.4774537682533264,270.0,146.0
CL108130010,-42.328125,0.754894495010376,71.56504821777344,146.0
CL108130010,-38.49951,0.4774537682533264,0.0,145.0
CL108130010,-30.766602,0.9548412561416626,270.0,146.0
CL108130010,-28.319336,0.0,270.0,146.0
CL108130010,-35.01416,0.6752060055732727,135.0,146.0
CL108130010,-40.350586,0.4774537682533264,180.0,146.0
CL108130010,-39.327637,0.754894495010376,198.43495178222656,146.0
CL108130010,-33.203613,0.6752060055732727,135.0,146.0
CL108130010,-38.28711,1.350224494934082,135.0,145.0
CL108130010,-43.31494,1.6876049041748047,171.86990356445312,145.0
CL108130010,-37.64746,1.6876049041748047,188.13009643554688,145.0
CL108130010,-25.831543,0.3376147150993347,135.0,146.0
CL108130010,-28.611816,1.2171181440353394,78.69007110595703,145.0
CL108130010,-34.34131,0.9548412561416626,90.0,144.0
CL108130010,-36.044434,0.754894495010376,198.43495178222656,144.0
CL108130010,-33.651367,1.067520260810852,26.565052032470703,146.0
CL108100003,-2.0527344,0.3376147150993347,45.0,145.0
CL108100003,-3.0527344,1.350224494934082,45.0,145.0
CL108100003,-2.0527344,2.3619914054870605,45.0,144.0
CL108100003,-0.052734375,1.721006155014038,33.690067291259766,143.0
CL108100003,4.9472656,0.3376147150993347,315.0,143.0
CL108100003,-3.0527344,1.067520260810852,206.56504821777344,145.0
CL108100003,-5.0527344,0.9548412561416626,180.0,145.0
CL108100003,-5.0527344,1.067520260810852,153.43495178222656,145.0
CL108100003,-5.0527344,1.39176344871521,120.96375274658203,145.0
CL108100003,-3.0527344,1.2171181440353394,101.30992889404297,144.0
CL108100003,-0.052734375,0.3376147150993347,45.0,143.0
CL108100003,-4.0527344,0.754894495010376,198.43495178222656,144.0
CL108100003,-7.0527344,1.2171181440353394,168.6900634765625,144.0
CL108100003,-10.052734,1.8175220489501953,156.80140686035156,144.0
CL108100003,-10.052734,2.1342999935150146,153.43495178222656,143.0
CL108100003,-9.052734,1.8175220489501953,156.80140686035156,143.0
CL108100003,-6.0527344,1.067520260810852,206.56504821777344,143.0
CL108100003,-2.0527344,0.0,270.0,144.0
CL108100003,-9.052734,0.4774537682533264,90.0,144.0
CL108100003,-16.052734,0.9548412561416626,90.0,143.0
CL108100003,-15.052734,1.2171181440353394,101.30992889404297,143.0
CL108100003,0.8183594,0.754894495010376,198.43495178222656,144.0
CL108100003,-6.0527344,0.0,270.0,144.0
CL108100003,-14.052734,1.0127503871917725,45.0,144.0
CL108100003,6.435547,1.39176344871521,210.96376037597656,143.0
CL108100003,1.675293,1.067520260810852,243.43495178222656,144.0
CL108100002,8.874512,1.2171181440353394,168.6900634765625,147.0
CL108100002,3.878418,1.2171181440353394,168.6900634765625,147.0
CL108100002,2.150879,0.0,270.0,147.0
CL108100002,6.847168,1.2171181440353394,11.309932708740234,147.0
CL108100002,8.230469,0.754894495010376,18.434947967529297,147.0
CL108100002,-6.823242,0.4774537682533264,90.0,147.0
CL108100002,-6.275879,0.3376147150993347,315.0,146.0
CL108100002,-7.2070312,1.39176344871521,300.9637451171875,147.0
CL108100002,-1.3862305,0.754894495010376,18.434947967529297,148.0
CL108100002,-1.3896484,1.432096242904663,90.0,147.0
CL108100002,6.4868164,0.9548412561416626,180.0,146.0
CL108100002,11.437012,1.6876049041748047,188.13009643554688,147.0
CL108100002,-9.375977,1.39176344871521,300.9637451171875,148.0
CL108100002,-6.9506836,0.754894495010376,71.56504821777344,148.0
CL108100002,-6.5,1.6876049041748047,81.8698959350586,147.0
CL108100002,1.2260742,0.6752060055732727,45.0,146.0
CL108100002,6.9038086,0.4774537682533264,90.0,146.0
CL108100002,6.9472656,0.6752060055732727,135.0,145.0
CL108100002,3.5576172,0.6752060055732727,225.0,146.0
CL108100002,-15.006348,1.067520260810852,116.56504821777344,148.0
CL108100002,-10.570801,0.9548412561416626,90.0,147.0
CL108100002,-4.323242,0.9548412561416626,0.0,147.0
CL108100002,-0.21826172,1.8175220489501953,23.198591232299805,147.0
CL108100002,0.9472656,1.721006155014038,33.690067291259766,146.0
CL108100002,-2.5356445,0.754894495010376,341.5650634765625,146.0
CL108100002,1.8535156,1.9678637981414795,284.0362548828125,146.0
CL108100002,-6.0527344,1.6876049041748047,45.0,147.0
CL108100002,-11.574707,1.432096242904663,0.0,146.0
CL108100004,22.992188,0.3376147150993347,45.0,143.0
CL108100004,24.00879,0.0,270.0,143.0
CL108100004,24.515137,1.067520260810852,26.565052032470703,143.0
CL108100004,29.052734,0.9548412561416626,0.0,143.0
CL108100004,21.80664,1.067520260810852,333.4349365234375,143.0
CL108100004,18.935547,1.39176344871521,300.9637451171875,144.0
CL108100004,17.873047,1.067520260810852,296.5650634765625,145.0
CL108100004,23.013672,0.6752060055732727,225.0,144.0
CL108100004,22.274902,0.4774537682533264,0.0,144.0
CL108100004,27.737793,0.9548412561416626,0.0,144.0
CL108100004,17.072266,1.067520260810852,333.4349365234375,144.0
CL108100004,12.895996,1.0127503871917725,315.0,144.0
CL108100004,14.129395,0.4774537682533264,270.0,144.0
CL108100004,10.093262,0.6752060055732727,225.0,145.0
CL108100004,23.413086,1.2171181440353394,281.3099365234375,143.0
CL108100004,22.0083,0.9548412561416626,270.0,143.0
CL108100004,22.975586,0.754894495010376,288.4349365234375,144.0
CL108100004,24.270996,0.754894495010376,341.5650634765625,144.0
CL108100004,15.363281,1.067520260810852,333.4349365234375,144.0
CL108100004,7.4086914,1.067520260810852,333.4349365234375,145.0
CL108100004,8.268555,0.754894495010376,18.434947967529297,145.0
CL108100004,4.2197266,0.3376147150993347,315.0,144.0
CL108100004,27.854492,2.385944128036499,323.1300964355469,143.0
CL108100004,30.274414,2.569502830505371,338.1985778808594,144.0
CL108100004,27.437988,2.2636361122131348,341.5650634765625,144.0
CL108100004,25.283691,1.6876049041748047,351.8699035644531,145.0
CL108100004,20.353027,0.754894495010376,18.434947967529297,145.0
CL108100004,7.1708984,0.4774537682533264,180.0,145.0
CL108100004,3.7485352,0.4774537682533264,180.0,145.0
CL108100004,5.9472656,0.6752060055732727,315.0,145.0
CL108100004,42.186035,3.0169613361358643,18.434947967529297,144.0
CL108100004,38.82422,2.635026454925537,5.19442892074585,143.0
CL108100004,37.59131,3.109632968902588,327.52880859375,143.0
CL108100004,30.331055,3.7692439556121826,325.3048400878906,145.0
CL108100004,39.02246,2.9018216133117676,350.5376892089844,146.0
CL108100004,35.210938,1.9091523885726929,0.0,146.0
CL108100004,29.918945,1.067520260810852,26.565052032470703,146.0
CL108100004,28.430176,1.432096242904663,90.0,145.0
CL108100004,9.35791,1.350224494934082,135.0,144.0
CL108100004,3.9941406,1.5095269680023193,198.43495178222656,144.0
CL108100004,11.844238,1.8175220489501953,246.80140686035156,145.0
CL108100004,31.708984,0.4774537682533264,90.0,145.0
CL108100004,32.504395,0.9548412561416626,0.0,145.0
CL108100004,34.25049,2.719923257827759,307.8749694824219,145.0
CL108100004,26.985352,2.385944128036499,306.8699035644531,147.0
CL108100004,35.430176,0.754894495010376,71.56504821777344,147.0
CL108100004,37.36914,0.6752060055732727,135.0,146.0
CL108100004,29.500488,0.3376147150993347,45.0,146.0
CL108100004,34.8584,2.0248682498931885,45.0,145.0
CL108100004,12.947266,2.3619914054870605,45.0,144.0
CL108100004,5.8120117,0.754894495010376,18.434947967529297,143.0
CL108100004,23.52539,2.0527751445770264,215.5376739501953,144.0
CL108100004,23.47754,1.2171181440353394,191.3099365234375,144.0
CL108100004,27.682129,1.067520260810852,206.56504821777344,144.0
CL108100004,24.361816,2.456394672393799,240.9453887939453,145.0
CL108100004,20.634277,2.0527751445770264,215.5376739501953,147.0
CL108100004,26.194824,2.0527751445770264,144.4623260498047,146.0
CL108100004,31.12793,0.9548412561416626,180.0,145.0
CL108100004,24.137207,1.2171181440353394,281.3099365234375,146.0
CL108100004,29.519531,1.9091523885726929,0.0,147.0
CL108100004,14.947266,3.6313934326171875,23.198591232299805,146.0
CL108100004,3.744629,3.5204050540924072,28.300756454467773,145.0
CL108100004,23.606445,0.754894495010376,251.56504821777344,144.0
CL108100004,20.501953,0.4774537682533264,180.0,144.0
CL108100004,16.020508,2.0527751445770264,215.5376739501953,144.0
CL108100004,18.779785,2.456394672393799,209.0546112060547,145.0
CL108100004,17.73584,1.2171181440353394,168.6900634765625,145.0
CL108100004,23.35498,0.6752060055732727,225.0,145.0
CL108100004,11.650879,1.8175220489501953,246.80140686035156,146.0
CL108100004,5.276367,1.5095269680023193,251.56504821777344,147.0
CL108100004,6.11084,0.754894495010376,18.434947967529297,148.0
CL108100004,14.132324,1.067520260810852,153.43495178222656,144.0
CL108100004,14.669434,1.2171181440353394,191.3099365234375,143.0
CL108100004,12.011719,2.0248682498931885,225.0,144.0
CL108100004,9.556152,1.350224494934082,225.0,145.0
CL108100004,14.397461,0.6752060055732727,225.0,145.0
CL108100004,-0.052734375,1.350224494934082,225.0,145.0
CL108100004,-11.145996,2.3619914054870605,225.0,146.0
CL108100004,-3.828125,1.8175220489501953,203.19859313964844,147.0
CL108100004,7.6586914,0.4774537682533264,180.0,143.0
CL108100004,5.9472656,1.39176344871521,239.03623962402344,143.0
CL108100004,1.7504883,1.8175220489501953,246.80140686035156,144.0
CL108100004,4.7475586,0.6752060055732727,225.0,145.0
CL108100004,-2.430664,0.9548412561416626,180.0,145.0
CL108100004,-9.052734,2.0248682498931885,225.0,145.0
CL108100004,8.13916,0.4774537682533264,180.0,143.0
CL108100004,2.9472656,1.2171181440353394,258.6900634765625,143.0
CL108100004,-7.0527344,1.6876049041748047,261.8699035644531,144.0
CL108100004,-10.12793,0.9548412561416626,180.0,145.0
CL108100004,-11.0859375,1.8175220489501953,156.80140686035156,144.0
CL108100004,-5.773926,2.3619914054870605,225.0,144.0
CL108100004,-3.0527344,1.5095269680023193,288.4349365234375,143.0
CL108100004,-10.052734,0.9548412561416626,270.0,144.0
CL108100004,-21.810547,1.0127503871917725,135.0,144.0
CL108100004,-22.410156,1.6876049041748047,135.0,143.0
CL108100004,-10.052734,1.721006155014038,326.3099365234375,144.0
CL108100004,-11.052734,0.3376147150993347,45.0,144.0
CL108100004,-15.052734,1.067520260810852,116.56504821777344,144.0
CL108100004,-15.052734,1.2171181440353394,101.30992889404297,144.0
CL108100004,-20.052734,1.350224494934082,135.0,144.0
CL108130008,28.860352,0.9548412561416626,0.0,143.0
CL108130008,32.89453,1.39176344871521,329.0362548828125,143.0
CL108130008,26.566406,0.6752060055732727,315.0,143.0
CL108130008,29.854004,1.39176344871521,329.0362548828125,144.0
CL108130008,25.95459,1.2171181440353394,348.6900634765625,144.0
CL108130008,22.697266,0.754894495010376,18.434947967529297,143.0
CL108130008,23.06836,1.0127503871917725,315.0,144.0
CL108130008,25.555664,0.754894495010376,288.4349365234375,144.0
CL108130008,23.673828,0.0,270.0,145.0
CL108130008,11.760254,0.0,270.0,144.0
CL108130008,12.058105,1.067520260810852,206.56504821777344,144.0
CL108130008,16.562012,1.2171181440353394,168.6900634765625,145.0
CL108130008,18.990234,0.4774537682533264,90.0,144.0
CL108130008,22.547363,1.2171181440353394,348.6900634765625,144.0
CL108130008,26.041016,0.9548412561416626,0.0,144.0
CL108130008,23.355469,0.3376147150993347,135.0,144.0
CL108130008,3.90625,1.8175220489501953,23.198591232299805,145.0
CL108130008,9.471191,1.350224494934082,45.0,144.0
CL108130008,9.806152,0.4774537682533264,90.0,144.0
CL108130008,7.53125,0.4774537682533264,180.0,143.0
CL108130008,15.945801,0.754894495010376,251.56504821777344,144.0
CL108130008,16.634766,0.4774537682533264,270.0,145.0
CL108130008,18.062012,0.754894495010376,108.43495178222656,145.0
CL108130008,2.5854492,1.350224494934082,315.0,146.0
CL108130008,4.9526367,1.8175220489501953,23.198591232299805,146.0
CL108130008,2.9731445,2.385944128036499,53.130104064941406,145.0
CL108130008,1.9672852,1.39176344871521,59.0362434387207,144.0
CL108130008,-3.4160156,0.4774537682533264,0.0,144.0
CL108130008,3.1015625,0.3376147150993347,225.0,144.0
CL108130008,11.721191,1.432096242904663,180.0,144.0
CL108130008,-7.633301,1.8175220489501953,246.80140686035156,145.0
CL108130008,-6.5649414,1.8175220489501953,246.80140686035156,146.0
CL108130008,-1.5322266,0.3376147150993347,135.0,147.0
CL108130008,-0.67089844,2.1607890129089355,83.65980529785156,146.0
CL108130008,-6.161621,1.5095269680023193,71.56504821777344,144.0
CL108130008,-6.5200195,0.3376147150993347,45.0,144.0
CL108130008,-6.960449,0.4774537682533264,90.0,144.0
CL108130008,-5.5942383,1.350224494934082,225.0,144.0
CL108130008,-7.7197266,2.3619914054870605,225.0,145.0
CL108130008,-9.504883,1.6876049041748047,188.13009643554688,146.0
CL108130008,-7.772949,1.721006155014038,123.69007110595703,145.0
CL108130008,-10.630371,1.2171181440353394,101.30992889404297,145.0
CL108130008,-8.489258,0.4774537682533264,90.0,144.0
CL108130008,-15.252441,0.6752060055732727,45.0,144.0
CL108130008,-8.442871,0.0,270.0,144.0
CL108130008,-4.3564453,1.350224494934082,225.0,144.0
CL108130008,-9.211914,1.39176344871521,210.96376037597656,145.0
CL108130008,-12.266602,0.6752060055732727,135.0,145.0
CL108130008,-10.963867,0.9548412561416626,90.0,144.0
CL108130008,0.41503906,1.350224494934082,225.0,144.0
CL108130008,-5.4331055,1.0127503871917725,225.0,144.0
CL108130008,-8.59082,0.6752060055732727,135.0,145.0
CL108130008,-13.183594,0.6752060055732727,135.0,144.0
CL108130008,-10.512695,0.6752060055732727,225.0,144.0
CL108130008,-6.265625,1.067520260810852,243.43495178222656,144.0
CL108130008,-9.18457,0.4774537682533264,270.0,145.0
CL108130008,9.439941,0.4774537682533264,90.0,143.0
CL108130008,1.4677734,1.067520260810852,243.43495178222656,143.0
CL108130008,-3.5390625,1.0127503871917725,225.0,144.0
CL108130008,-8.005859,1.39176344871521,149.03623962402344,144.0
CL108130008,-9.371582,1.2171181440353394,168.6900634765625,143.0
CL108130008,-14.262695,1.0127503871917725,225.0,144.0
CL108130008,2.7231445,1.0127503871917725,315.0,143.0
CL108130008,-0.6147461,0.0,270.0,144.0
CL108130008,-7.1279297,1.067520260810852,116.56504821777344,143.0
CL108130008,-6.0527344,0.4774537682533264,180.0,143.0
CL108130008,-4.421875,1.067520260810852,243.43495178222656,143.0
CL108130008,10.251465,0.3376147150993347,225.0,144.0
CL108130008,3.975586,0.3376147150993347,135.0,144.0
CL108130008,0.1743164,0.754894495010376,71.56504821777344,143.0
CL108130003,8.408691,0.754894495010376,18.434947967529297,145.0
CL108130003,8.964355,0.9548412561416626,0.0,145.0
CL108130003,7.559082,0.6752060055732727,45.0,145.0
CL108130003,12.4765625,1.39176344871521,120.96375274658203,144.0
CL108130003,10.517578,1.721006155014038,146.3099365234375,143.0
CL108130003,7.6621094,1.067520260810852,206.56504821777344,143.0
CL108130003,7.8632812,1.5095269680023193,251.56504821777344,144.0
CL108130003,8.562012,1.2171181440353394,191.3099365234375,145.0
CL108130003,4.727051,1.6876049041748047,188.13009643554688,145.0
CL108130003,3.2802734,1.2171181440353394,191.3099365234375,145.0
CL108130003,-1.4858398,1.0127503871917725,135.0,145.0
CL108130003,6.5,1.6876049041748047,98.1301040649414,144.0
CL108130003,7.895508,0.9548412561416626,90.0,143.0
CL108130003,8.453125,0.754894495010376,251.56504821777344,143.0
CL108130003,10.956543,1.39176344871521,210.96376037597656,144.0
CL108130003,13.734375,2.2636361122131348,161.56504821777344,144.0
CL108130003,13.5703125,1.9678637981414795,165.96376037597656,143.0
CL108130003,15.926758,0.754894495010376,198.43495178222656,143.0
CL108130003,-5.842285,0.754894495010376,161.56504821777344,144.0
CL108130003,-2.1210938,1.2171181440353394,101.30992889404297,144.0
CL108130003,2.6235352,0.9548412561416626,90.0,143.0
CL108130003,3.940918,0.3376147150993347,225.0,143.0
CL108130003,12.478027,1.39176344871521,149.03623962402344,143.0
CL108130003,17.668457,2.1342999935150146,153.43495178222656,142.0
CL108130003,18.421387,1.39176344871521,210.96376037597656,142.0
CL108130003,18.881348,1.432096242904663,270.0,143.0
CL108130003,20.905273,1.8175220489501953,293.1985778808594,144.0
CL108130003,9.042969,1.8175220489501953,66.80140686035156,143.0
CL108130003,12.712402,1.2171181440353394,78.69007110595703,141.0
CL108130003,15.377441,1.432096242904663,270.0,142.0
CL108130003,15.32959,1.9091523885726929,270.0,143.0
CL108130003,16.689941,1.9091523885726929,270.0,144.0
CL108130007,14.99707,2.9018216133117676,9.462322235107422,144.0
CL108130007,7.617676,3.321432113647461,21.037511825561523,143.0
CL108130007,5.9472656,0.754894495010376,251.56504821777344,144.0
CL108130007,10.806152,0.0,270.0,145.0
CL108130007,7.510254,0.754894495010376,71.56504821777344,144.0
CL108130007,5.001465,0.754894495010376,341.5650634765625,144.0
CL108130007,11.841797,1.39176344871521,329.0362548828125,144.0
CL108130007,9.4609375,1.8175220489501953,336.8014221191406,144.0
CL108130007,12.219727,2.719923257827759,344.744873046875,145.0
CL108130007,11.674805,3.931095838546753,14.036243438720703,145.0
CL108130007,1.8671875,4.1687397956848145,30.963756561279297,144.0
CL108130007,8.656738,0.9548412561416626,180.0,144.0
CL108130007,13.947266,1.067520260810852,153.43495178222656,144.0
CL108130007,13.30127,0.9548412561416626,180.0,143.0
CL108130007,3.1103516,1.350224494934082,225.0,144.0
CL108130007,7.9472656,0.754894495010376,198.43495178222656,144.0
CL108130007,8.865234,0.3376147150993347,135.0,144.0
CL108130007,2.3583984,0.754894495010376,288.4349365234375,144.0
CL108130007,4.239746,1.721006155014038,303.6900634765625,145.0
CL108130007,4.6381836,2.0527751445770264,324.4623107910156,146.0
CL108130007,-1.8393555,2.719923257827759,322.1250305175781,146.0
CL108130007,5.323242,2.635026454925537,5.19442892074585,148.0
CL108130007,0.8388672,4.058664321899414,49.763641357421875,146.0
CL108130007,9.893555,0.4774537682533264,180.0,143.0
CL108130007,5.333008,0.9548412561416626,180.0,143.0
CL108130007,5.4541016,0.754894495010376,161.56504821777344,143.0
CL108130007,7.7250977,0.4774537682533264,180.0,143.0
CL108130007,1.265625,1.067520260810852,243.43495178222656,143.0
CL108130007,-4.7250977,0.9548412561416626,270.0,144.0
CL108130007,1.6132812,0.4774537682533264,0.0,144.0
CL108130007,2.446289,0.4774537682533264,270.0,144.0
CL108130007,-9.197754,1.8175220489501953,246.80140686035156,145.0
CL108130007,-8.227051,1.721006155014038,236.3099365234375,146.0
CL108130007,-11.933105,2.0527751445770264,234.4623260498047,147.0
CL108130007,-11.4296875,1.432096242904663,180.0,148.0
CL108130007,-6.6103516,3.0169613361358643,108.43495178222656,147.0
CL108130007,7.1186523,1.067520260810852,26.565052032470703,143.0
CL108130007,-0.9238281,0.754894495010376,18.434947967529297,143.0
CL108130007,-7.033203,0.4774537682533264,90.0,143.0
CL108130007,-3.9770508,0.4774537682533264,180.0,143.0
CL108130007,-5.0268555,1.2171181440353394,258.6900634765625,143.0
CL108130007,-16.166016,1.6876049041748047,278.1300964355469,144.0
CL108130007,-14.423828,0.754894495010376,341.5650634765625,145.0
CL108130007,-6.686035,0.754894495010376,71.56504821777344,144.0
CL108130007,-9.629395,1.5095269680023193,198.43495178222656,144.0
CL108130007,-13.057617,2.882181167602539,204.44395446777344,145.0
CL108130007,-11.478516,3.471741199493408,195.9453887939453,145.0
CL108130007,-15.493164,4.058664321899414,176.633544921875,146.0
CL108130007,-12.733887,3.9454762935638428,154.9831085205078,145.0
CL108130007,-1.8754883,0.4774537682533264,0.0,144.0
CL108130007,-7.8530273,1.0127503871917725,45.0,144.0
CL108130007,-10.369141,1.432096242904663,90.0,143.0
CL108130007,-16.02295,0.4774537682533264,180.0,142.0
CL108130007,-10.965332,1.6876049041748047,261.8699035644531,143.0
CL108130007,-9.430176,1.6876049041748047,261.8699035644531,144.0
CL108130007,-16.843262,0.6752060055732727,225.0,145.0
CL108130007,-14.212891,1.5095269680023193,108.43495178222656,145.0
CL108130007,-10.530273,1.350224494934082,135.0,143.0
CL108130007,-10.447754,1.8175220489501953,203.19859313964844,143.0
CL108130007,-13.26123,2.385944128036499,180.0,144.0
CL108130007,-3.1064453,0.6752060055732727,225.0,144.0
CL108130007,-5.9882812,1.067520260810852,116.56504821777344,144.0
CL108130007,-14.819336,1.6876049041748047,261.8699035644531,143.0
CL108130007,-10.947266,1.350224494934082,225.0,144.0
CL108130007,-11.359863,1.6876049041748047,188.13009643554688,144.0
CL108130007,-17.980957,1.39176344871521,149.03623962402344,144.0
CL108130007,-12.984375,0.754894495010376,71.56504821777344,143.0
CL108130007,-9.227051,1.2171181440353394,258.6900634765625,143.0
CL108130007,-14.977539,0.754894495010376,198.43495178222656,143.0
CL108130007,-15.241699,0.9548412561416626,180.0,143.0
CL108130007,-13.458008,0.6752060055732727,225.0,143.0
CL108130007,-12.29248,1.0127503871917725,315.0,144.0
CL108130007,-0.057128906,0.754894495010376,18.434947967529297,143.0
CL108130007,-5.7924805,1.39176344871521,30.963756561279297,143.0
CL108130007,-13.209961,1.2171181440353394,11.309932708740234,142.0
CL108130007,-13.563477,0.6752060055732727,315.0,143.0
CL108130007,-11.830566,0.0,270.0,143.0
CL108130007,-19.404785,0.0,270.0,143.0
CL108130007,-16.123535,0.9548412561416626,270.0,143.0
CL108130007,-7.398926,1.432096242904663,270.0,144.0
CL108130007,11.027344,0.754894495010376,161.56504821777344,144.0
CL108130007,3.6689453,0.4774537682533264,180.0,144.0
CL108130007,6.3686523,0.754894495010376,341.5650634765625,144.0
CL108130007,5.967285,1.6876049041748047,351.8699035644531,144.0
CL108130007,-2.319336,2.1607890129089355,6.340191841125488,144.0
CL108130007,-11.245117,2.2636361122131348,18.434947967529297,144.0
CL108130007,-21.34961,1.5095269680023193,18.434947967529297,143.0
CL108130007,-14.387695,0.9548412561416626,0.0,143.0
CL108130007,-13.95752,0.9548412561416626,0.0,143.0
CL108130007,-20.88916,1.0127503871917725,315.0,143.0
CL108130007,-13.052734,0.754894495010376,251.56504821777344,144.0
CL108130007,4.9472656,1.39176344871521,149.03623962402344,143.0
CL108130007,9.877441,1.432096242904663,180.0,143.0
CL108130007,10.953125,1.350224494934082,225.0,143.0
CL108130007,3.8510742,1.2171181440353394,258.6900634765625,144.0
CL108130007,5.916504,0.4774537682533264,270.0,145.0
CL108130007,-13.11377,1.6876049041748047,8.130102157592773,144.0
CL108130007,-15.416016,0.754894495010376,18.434947967529297,144.0
CL108130007,-17.618164,0.6752060055732727,135.0,144.0
CL108130007,2.8588867,1.8175220489501953,113.19859313964844,143.0
CL108130007,1.6557617,1.067520260810852,116.56504821777344,143.0
CL108130007,4.9472656,0.4774537682533264,180.0,142.0
CL108130007,11.29834,1.6876049041748047,261.8699035644531,143.0
CL108130007,9.216309,1.2171181440353394,258.6900634765625,144.0
CL108130007,13.947266,1.721006155014038,146.3099365234375,144.0
CL108130007,12.771484,1.067520260810852,116.56504821777344,143.0
CL108130007,0.8222656,0.754894495010376,71.56504821777344,143.0
CL108130007,-2.6948242,0.4774537682533264,0.0,142.0
CL108130007,2.9472656,1.6876049041748047,278.1300964355469,143.0
CL108130007,6.352051,0.754894495010376,251.56504821777344,144.0
CL108130007,3.6523438,1.067520260810852,153.43495178222656,143.0
CL108130007,5.5112305,0.0,270.0,143.0
CL108130007,6.9472656,0.754894495010376,18.434947967529297,143.0
CL108130007,4.1342773,1.2171181440353394,11.309932708740234,143.0
CL108130007,-4.059082,1.432096242904663,0.0,143.0
CL108130007,-6.0527344,1.350224494934082,315.0,143.0
CL108130007,10.4453125,1.0127503871917725,315.0,143.0
CL108130007,-1.9384766,1.8175220489501953,336.8014221191406,144.0
CL108130007,-6.8881836,2.1607890129089355,353.6598205566406,144.0
CL108130007,-5.0527344,2.635026454925537,354.8055725097656,144.0
CL108130007,-5.6245117,2.635026454925537,5.19442892074585,144.0
CL108130007,-13.738281,1.6876049041748047,8.130102157592773,144.0
CL108130007,4.9472656,1.0127503871917725,315.0,143.0
CL108130007,4.845215,2.0248682498931885,315.0,144.0
CL108130007,-2.515625,1.39176344871521,329.0362548828125,145.0
CL108130007,-13.614746,1.39176344871521,329.0362548828125,145.0
CL108130007,-15.345703,1.8175220489501953,336.8014221191406,146.0
CL108130007,-12.957031,1.8175220489501953,23.198591232299805,146.0
CL108130007,10.269043,1.432096242904663,270.0,143.0
CL108130007,-0.07324219,1.8175220489501953,293.1985778808594,144.0
CL108130007,-6.4121094,1.067520260810852,296.5650634765625,145.0
CL108130007,-10.205566,0.3376147150993347,225.0,145.0
CL108130007,-11.69043,1.067520260810852,243.43495178222656,145.0
CL108130007,-18.120117,1.0127503871917725,225.0,146.0
CL108130007,10.947266,1.432096242904663,270.0,142.0
CL108130007,14.947266,1.9091523885726929,270.0,143.0
CL108130007,7.727051,1.9091523885726929,270.0,144.0
CL108130007,-8.901367,0.4774537682533264,270.0,145.0
CL108130007,-18.119629,0.0,270.0,144.0
CL108130007,-13.685059,0.754894495010376,251.56504821777344,145.0
CL108130007,-13.465332,0.754894495010376,198.43495178222656,145.0
CL108130007,4.9472656,1.350224494934082,315.0,142.0
CL108130007,5.9472656,1.432096242904663,270.0,143.0
CL108130007,-1.0527344,1.8175220489501953,246.80140686035156,144.0
CL108130007,-9.659668,1.0127503871917725,225.0,145.0
CL108130007,-1.2890625,0.9548412561416626,0.0,143.0
CL108130007,-5.0527344,0.754894495010376,288.4349365234375,143.0
CL108130007,-12.052734,1.067520260810852,243.43495178222656,143.0
CL108130007,-2.1245117,0.754894495010376,71.56504821777344,143.0
CL108130007,-12.552246,0.4774537682533264,270.0,143.0
CL108130006,4.1293945,1.2171181440353394,258.6900634765625,143.0
CL108130006,2.1469727,1.39176344871521,239.03623962402344,144.0
CL108130006,15.947266,0.4774537682533264,270.0,143.0
CL108130006,11.947266,1.0127503871917725,225.0,143.0
CL108130006,9.947266,0.754894495010376,288.4349365234375,143.0
CL108130006,7.9472656,0.3376147150993347,315.0,143.0
CL108130006,3.9472656,0.6752060055732727,315.0,143.0
CL108130006,3.9472656,1.2171181440353394,348.6900634765625,143.0
CL108130006,-0.052734375,1.067520260810852,333.4349365234375,143.0
CL108130006,-2.5288086,0.4774537682533264,0.0,144.0
CL108130006,-6.2026367,0.6752060055732727,315.0,144.0
CL108130006,-1.078125,0.9548412561416626,180.0,143.0
CL108130005,17.947266,2.0248682498931885,45.0,143.0
CL108130005,15.356445,0.9548412561416626,0.0,142.0
CL108130005,1.2231445,1.6876049041748047,278.1300964355469,143.0
CL108130005,4.9472656,0.3376147150993347,315.0,144.0
CL108130005,6.1137695,1.0127503871917725,45.0,145.0
CL108130005,2.065918,1.721006155014038,56.309932708740234,144.0
CL108130005,5.961426,1.6876049041748047,45.0,144.0
CL108130005,8.961914,1.5095269680023193,18.434947967529297,143.0
CL108130005,4.5893555,1.350224494934082,315.0,143.0
CL108130005,2.9472656,1.0127503871917725,315.0,144.0
CL108130005,11.947266,1.721006155014038,33.690067291259766,144.0
CL108130005,-8.874512,1.067520260810852,63.4349479675293,144.0
CL108130005,-5.0527344,0.754894495010376,18.434947967529297,144.0
CL108130005,1.1977539,0.754894495010376,341.5650634765625,144.0
CL108130005,-1.0581055,1.067520260810852,296.5650634765625,144.0
CL108130005,5.9472656,0.9548412561416626,0.0,145.0
CL108130005,14.797852,2.0248682498931885,45.0,144.0
CL108130005,-1.434082,0.754894495010376,161.56504821777344,144.0
CL108130005,4.5600586,1.350224494934082,225.0,144.0
CL108130005,-1.8115234,1.0127503871917725,225.0,145.0
CL108130005,6.9472656,0.9548412561416626,90.0,145.0
CL108130004,9.455078,0.9548412561416626,270.0,142.0
CL108130004,1.4672852,1.067520260810852,243.43495178222656,143.0
CL108130004,3.6972656,0.0,270.0,142.0
CL108130004,9.199219,0.4774537682533264,270.0,142.0
CL108130004,6.803711,0.9548412561416626,270.0,142.0
CL108130004,8.058594,0.4774537682533264,180.0,142.0
CL108130004,5.815918,0.4774537682533264,270.0,142.0
CL108130004,4.0063477,1.0127503871917725,315.0,142.0
CL108130004,6.859375,1.350224494934082,315.0,143.0
CL108130004,-0.34765625,1.6876049041748047,81.8698959350586,142.0
CL108130004,5.7285156,0.0,270.0,141.0
CL108130004,5.743164,1.2171181440353394,281.3099365234375,142.0
CL108130004,-4.116211,1.39176344871521,300.9637451171875,143.0
CL108130004,4.876465,1.0127503871917725,315.0,143.0
CL108130004,1.9506836,2.456394672393799,60.945396423339844,142.0
CL108130004,-1.0527344,0.754894495010376,18.434947967529297,142.0
CL108130004,-2.0063477,1.2171181440353394,281.3099365234375,142.0
CL108130004,-7.4316406,1.6876049041748047,278.1300964355469,143.0
CL108100005,3.2841797,2.569502830505371,338.1985778808594,145.0
CL108100005,-3.940918,2.3619914054870605,315.0,146.0
CL108100005,-7.836914,1.6876049041748047,351.8699035644531,147.0
CL108100005,4.9472656,0.754894495010376,161.56504821777344,146.0
CL108100005,-6.0527344,0.754894495010376,108.43495178222656,145.0
CL108100005,-12.6875,0.754894495010376,251.56504821777344,145.0
CL108100005,-13.83252,1.8175220489501953,246.80140686035156,146.0
CL108100005,-2.635254,1.067520260810852,243.43495178222656,145.0
CL108100005,2.9472656,1.2171181440353394,168.6900634765625,145.0
CL108100005,-9.041016,1.2171181440353394,168.6900634765625,145.0
CL108100005,-17.14795,1.067520260810852,206.56504821777344,145.0
CL108100005,-20.821777,1.6876049041748047,225.0,145.0
CL108100005,-11.371582,1.6876049041748047,188.13009643554688,144.0
CL108100005,-16.823242,1.350224494934082,225.0,144.0
CL108100005,-9.222168,1.0127503871917725,225.0,143.0
CL108100005,-10.133301,1.6876049041748047,261.8699035644531,144.0
CL108100005,-3.2685547,0.6752060055732727,45.0,143.0
CL108100005,-1.2182617,0.754894495010376,288.4349365234375,143.0
CL108100005,-3.5551758,1.9091523885726929,270.0,144.0
CL108100005,-3.9541016,0.754894495010376,18.434947967529297,144.0
CL108100005,-2.6357422,1.0127503871917725,45.0,144.0
CL108100005,2.9472656,0.3376147150993347,315.0,143.0
CL108100005,-8.365723,1.9091523885726929,270.0,144.0
CL108100005,-15.952637,0.754894495010376,161.56504821777344,144.0
CL108100005,-10.856445,0.754894495010376,198.43495178222656,144.0
CL108100005,-10.436035,0.4774537682533264,90.0,144.0
CL108100005,-6.0527344,0.754894495010376,341.5650634765625,143.0
CL108100005,-21.394043,0.6752060055732727,135.0,143.0
CL108100005,-17.467773,0.9548412561416626,270.0,143.0
CL108100006,3.4194336,0.754894495010376,341.5650634765625,144.0
CL108100006,4.7714844,1.6876049041748047,45.0,144.0
CL108100006,5.0908203,1.067520260810852,333.4349365234375,145.0
CL108100006,-0.90478516,1.350224494934082,45.0,145.0
CL108100006,7.855957,0.754894495010376,341.5650634765625,145.0
CL108100006,8.772461,0.3376147150993347,315.0,145.0
CL108100006,5.1445312,0.0,270.0,145.0
CL108100006,5.3583984,0.0,270.0,145.0
CL108100006,0.9472656,0.3376147150993347,225.0,145.0
CL108100006,-7.0185547,0.0,270.0,145.0
CL108100006,7.9472656,1.0127503871917725,225.0,144.0
CL108100006,-0.052734375,0.9548412561416626,270.0,145.0
CL108100006,-11.052734,0.754894495010376,341.5650634765625,145.0
CL108100006,7.977051,0.754894495010376,251.56504821777344,144.0
CL108100006,2.9472656,1.5095269680023193,251.56504821777344,145.0
CL108100006,-6.0527344,0.6752060055732727,225.0,146.0
CL108100006,-3.5092773,0.0,270.0,144.0
CL108100006,2.770996,1.350224494934082,225.0,144.0
CL108100006,-1.0527344,1.9091523885726929,180.0,145.0
CL108100006,-8.052734,1.067520260810852,26.565052032470703,144.0
CL108100006,-11.391602,0.4774537682533264,0.0,144.0
CL108100006,-2.229004,1.067520260810852,116.56504821777344,144.0
CL108100006,-5.0527344,1.6876049041748047,8.130102157592773,145.0
CL108100006,-17.052734,1.8175220489501953,23.198591232299805,145.0
CL108100006,-2.387207,0.9548412561416626,0.0,146.0
CL108100006,-13.052734,1.350224494934082,45.0,146.0
CL108100006,-0.052734375,1.39176344871521,30.963756561279297,143.0
CL108100006,0.1821289,0.3376147150993347,225.0,146.0
CL108100006,-9.371582,0.9548412561416626,90.0,146.0
CL108100006,-12.401367,1.9091523885726929,90.0,145.0
CL108100006,-6.376953,1.6876049041748047,81.8698959350586,144.0
CL108100006,2.9472656,1.067520260810852,243.43495178222656,145.0
CL108100006,-5.682129,0.754894495010376,251.56504821777344,146.0
CL108100006,-8.822266,0.9548412561416626,90.0,146.0
CL108100006,-13.725098,1.6876049041748047,81.8698959350586,145.0
CL108100006,-12.307129,1.39176344871521,30.963756561279297,144.0
CL108100006,3.6938477,1.0127503871917725,225.0,145.0
CL108100006,12.859863,0.9548412561416626,180.0,145.0
CL108100006,9.947266,1.350224494934082,225.0,145.0
CL108100006,-4.430664,1.39176344871521,239.03623962402344,146.0
CL108100006,-15.601074,0.754894495010376,108.43495178222656,146.0
CL108100006,-15.09668,1.2171181440353394,78.69007110595703,145.0
CL108100006,3.9472656,0.4774537682533264,90.0,144.0
CL108100006,0.9472656,0.754894495010376,198.43495178222656,144.0
CL108100006,4.5493164,0.9548412561416626,180.0,144.0
CL108100006,11.693848,1.350224494934082,225.0,144.0
CL108100006,-5.0527344,1.721006155014038,236.3099365234375,145.0
CL108100006,-18.621582,0.754894495010376,161.56504821777344,146.0
CL108100006,-15.655273,0.754894495010376,108.43495178222656,145.0
CL108100006,-0.5151367,1.0127503871917725,135.0,145.0
CL108100006,5.9726562,0.754894495010376,108.43495178222656,144.0
CL108100006,1.8442383,0.0,270.0,144.0
CL108100006,0.5600586,0.0,270.0,144.0
CL108100006,3.5864258,0.9548412561416626,270.0,144.0
CL108100006,-4.0527344,1.067520260810852,243.43495178222656,145.0
CL108100006,-18.259766,1.2171181440353394,168.6900634765625,145.0
CL108100006,-18.002441,1.2171181440353394,168.6900634765625,145.0
CL108100006,-2.5141602,0.754894495010376,161.56504821777344,144.0
CL108100006,-0.6069336,0.3376147150993347,135.0,144.0
CL108100006,5.2128906,0.0,270.0,144.0
CL108100006,-2.3139648,0.0,270.0,144.0
CL108100006,-2.2416992,0.754894495010376,251.56504821777344,144.0
CL108100006,-3.0527344,0.9548412561416626,180.0,145.0
CL108100006,-17.17334,1.8175220489501953,156.80140686035156,144.0
CL108100006,-17.826172,1.6876049041748047,188.13009643554688,144.0
CL108100006,6.354004,0.3376147150993347,45.0,144.0
CL108100006,6.3095703,0.0,270.0,144.0
CL108100006,2.2192383,0.0,270.0,144.0
CL108100006,-6.742676,0.0,270.0,144.0
CL108100006,-7.161133,0.4774537682533264,180.0,144.0
CL108100006,-5.9750977,1.39176344871521,149.03623962402344,144.0
CL108100006,-12.844727,1.39176344871521,149.03623962402344,143.0
CL108100006,5.814453,0.3376147150993347,45.0,144.0
CL108100006,-0.7495117,0.0,270.0,144.0
CL108101047,3.708496,0.754894495010376,198.43495178222656,145.0
CL108101047,0.049804688,1.067520260810852,206.56504821777344,145.0
CL108101047,-1.9511719,0.754894495010376,198.43495178222656,145.0
CL108101047,-3.7280273,1.5095269680023193,198.43495178222656,144.0
CL108101047,-2.0839844,1.432096242904663,180.0,144.0
CL108101047,4.1035156,1.5095269680023193,198.43495178222656,144.0
CL108101047,3.3666992,1.39176344871521,149.03623962402344,143.0
CL108101047,3.671875,1.39176344871521,210.96376037597656,143.0
CL108101047,-2.805664,0.9548412561416626,180.0,144.0
CL108101047,-3.96875,1.067520260810852,206.56504821777344,143.0
CL108101047,-3.1694336,2.385944128036499,90.0,144.0
CL108101047,-0.9707031,0.9548412561416626,90.0,142.0
CL108101047,6.881836,0.754894495010376,251.56504821777344,143.0
CL108101047,3.3901367,0.4774537682533264,180.0,143.0
CL108101046,-0.15771484,0.0,270.0,144.0
CL108101046,-1.2231445,0.0,270.0,144.0
CL108101046,-1.293457,0.4774537682533264,180.0,144.0
CL108101046,-0.88916016,0.3376147150993347,225.0,144.0
CL108101046,-9.047852,0.0,270.0,144.0
CL108101046,-8.625,0.754894495010376,288.4349365234375,144.0
CL108101046,1.0942383,1.2171181440353394,101.30992889404297,145.0
CL108101046,-3.1396484,1.6876049041748047,98.1301040649414,144.0
CL108101046,-8.625977,0.754894495010376,161.56504821777344,143.0
CL108101046,-14.899414,1.0127503871917725,225.0,144.0
CL108101046,-10.700684,0.4774537682533264,270.0,144.0
CL108101046,-4.26416,1.6876049041748047,98.1301040649414,144.0
CL108101046,-20.145996,0.4774537682533264,90.0,143.0
CL108101046,-13.451172,1.2171181440353394,101.30992889404297,144.0
CL108101046,-23.188965,0.3376147150993347,45.0,143.0
CL108130002,-7.0527344,2.781886339187622,300.9637451171875,142.0
CL108130002,-9.334961,1.350224494934082,315.0,142.0
CL108130002,-14.132324,1.5095269680023193,288.4349365234375,143.0
CL108130002,-25.052734,1.067520260810852,243.43495178222656,143.0
CL108130002,-6.4194336,0.754894495010376,251.56504821777344,142.0
CL108130002,-19.985352,1.067520260810852,243.43495178222656,143.0
CL108130002,-37.114746,0.6752060055732727,225.0,143.0
CL108130002,-45.052734,1.0127503871917725,225.0,143.0
CL108130002,-47.052734,1.432096242904663,180.0,144.0
CL108130002,-18.052734,0.3376147150993347,225.0,142.0
CL108130002,-24.649902,1.067520260810852,243.43495178222656,142.0
CL108130002,-41.02002,0.9548412561416626,270.0,143.0
CL108130002,-51.29004,0.3376147150993347,315.0,143.0
CL108130002,-51.854492,1.067520260810852,116.56504821777344,143.0
CL108130002,-33.052734,0.3376147150993347,315.0,142.0
CL108130002,-38.052734,1.067520260810852,296.5650634765625,142.0
CL108130002,-40.052734,1.2171181440353394,281.3099365234375,143.0
CL108130002,-42.200684,0.3376147150993347,135.0,144.0
CL108130002,-51.299316,1.5095269680023193,108.43495178222656,143.0
CL108130002,-57.993652,0.754894495010376,108.43495178222656,142.0
CL108130002,-47.052734,1.0127503871917725,315.0,143.0
CL108130002,-48.052734,0.4774537682533264,270.0,143.0
CL108130002,-47.052734,1.0127503871917725,135.0,143.0
CL108130002,-46.53125,1.721006155014038,123.69007110595703,142.0
CL108130002,-52.21631,1.067520260810852,153.43495178222656,142.0
CL108130002,-53.174805,0.0,270.0,143.0
CL108130002,-55.052734,0.4774537682533264,180.0,143.0
CL108130002,-55.052734,0.754894495010376,108.43495178222656,143.0
CL108130002,-53.052734,1.6876049041748047,98.1301040649414,142.0
CL108130002,-52.052734,1.350224494934082,135.0,141.0
CL108130002,-50.052734,1.721006155014038,146.3099365234375,141.0
CL108130002,-30.052734,1.067520260810852,243.43495178222656,143.0
CL108130002,-39.873047,0.3376147150993347,135.0,143.0
CL108130002,-55.498535,0.6752060055732727,135.0,143.0
CL108130002,-61.790527,0.3376147150993347,225.0,142.0
CL108130002,-61.052734,0.4774537682533264,90.0,143.0
CL108130002,-58.052734,1.6876049041748047,81.8698959350586,142.0
CL108130002,-56.052734,1.5095269680023193,71.56504821777344,141.0
CL108130002,-53.052734,1.2171181440353394,78.69007110595703,140.0
CL108130002,-26.430176,2.781886339187622,239.03623962402344,141.0
CL108130002,-36.87793,2.0527751445770264,234.4623260498047,143.0
CL108130002,-46.052734,1.067520260810852,153.43495178222656,143.0
CL108130002,-54.066406,0.754894495010376,161.56504821777344,142.0
CL108130002,-63.93506,0.754894495010376,251.56504821777344,143.0
CL108130002,-67.96289,0.4774537682533264,90.0,143.0
CL108130002,-63.052734,1.432096242904663,90.0,142.0
CL108130002,-61.052734,1.2171181440353394,78.69007110595703,142.0
CL108130002,-58.052734,1.5095269680023193,71.56504821777344,141.0
CL108130002,-60.42871,1.0127503871917725,225.0,142.0
CL108130002,-67.79736,1.067520260810852,153.43495178222656,143.0
CL108130002,-69.21289,1.721006155014038,123.69007110595703,142.0
CL108130002,-66.052734,1.0127503871917725,135.0,141.0
CL108130002,-60.052734,0.9548412561416626,90.0,141.0
CL108130001,-17.455566,0.3376147150993347,315.0,140.0
CL108130001,-21.906738,0.9548412561416626,0.0,140.0
CL108130001,-15.625488,0.4774537682533264,270.0,140.0
CL108130001,-15.052734,0.4774537682533264,270.0,141.0
CL108130001,-20.052734,0.0,270.0,141.0
CL108130001,-24.304688,0.4774537682533264,270.0,140.0
CL108130001,-27.025879,0.4774537682533264,270.0,140.0
CL108130001,-31.052734,0.3376147150993347,135.0,140.0
CL108130001,-37.217285,1.0127503871917725,315.0,141.0
CL108130001,-40.53662,1.067520260810852,26.565052032470703,141.0
CL108130001,-35.66455,0.754894495010376,288.4349365234375,141.0
CL108130001,-43.394043,0.3376147150993347,45.0,141.0
CL108130001,-38.226562,0.3376147150993347,315.0,141.0
CL108130001,-39.268555,0.0,270.0,141.0
CL108130001,-42.470215,0.0,270.0,141.0
CL108130001,-48.26123,0.3376147150993347,135.0,141.0
CL108130001,-36.92383,0.3376147150993347,225.0,141.0
CL108130001,-47.875,0.4774537682533264,90.0,141.0
CL108130001,-41.694824,0.754894495010376,251.56504821777344,141.0
CL108130001,-44.53955,0.3376147150993347,45.0,141.0
CL108130001,-37.39258,0.754894495010376,288.4349365234375,141.0
CL108130001,-45.22412,0.0,270.0,141.0
CL108101050,-2.0175781,1.6876049041748047,261.8699035644531,129.0
CL108101050,-8.403809,0.9548412561416626,270.0,130.0
CL108101050,-15.052734,0.9548412561416626,90.0,130.0
CL108101050,-10.128418,1.6876049041748047,261.8699035644531,129.0
CL108101050,-9.330078,1.067520260810852,243.43495178222656,130.0
CL108101050,0.27246094,0.3376147150993347,225.0,128.0
CL108101050,-12.346191,1.2171181440353394,258.6900634765625,129.0
CL108101050,-17.973145,1.067520260810852,243.43495178222656,129.0
CL108101050,-3.4189453,1.0127503871917725,135.0,128.0
CL108101050,-6.6367188,0.4774537682533264,270.0,128.0
CL108101050,-11.541504,0.9548412561416626,270.0,129.0
CL108101050,-16.356445,0.754894495010376,251.56504821777344,129.0
CL108101050,1.059082,1.0127503871917725,45.0,129.0
CL108101050,-8.034668,0.754894495010376,341.5650634765625,128.0
CL108101050,-19.908203,0.4774537682533264,270.0,129.0
CL108101050,-20.586426,0.9548412561416626,180.0,129.0
CL108101050,-0.8745117,0.9548412561416626,0.0,129.0
CL108101050,-5.229004,1.2171181440353394,11.309932708740234,129.0
CL108101050,-17.052734,0.754894495010376,71.56504821777344,129.0
CL108101050,-27.736816,1.0127503871917725,135.0,128.0
CL108101050,-6.0527344,1.432096242904663,0.0,130.0
CL108101050,-17.391602,1.8175220489501953,23.198591232299805,130.0
CL108101050,-19.688965,2.0527751445770264,54.46232223510742,129.0
CL108101050,-28.993164,1.5095269680023193,71.56504821777344,128.0
CL108101050,-5.8461914,0.754894495010376,18.434947967529297,131.0
CL108101050,-22.052734,1.350224494934082,45.0,131.0
CL108101050,-33.36377,2.1342999935150146,63.4349479675293,130.0
CL108101050,-8.1328125,0.0,270.0,131.0
CL108101050,-20.546387,0.9548412561416626,90.0,131.0
CL108101050,-35.052734,1.9091523885726929,90.0,130.0
CL108101050,3.9091797,-9999.0,-9999.0,3.3999999521443642e+38
CL108101050,-8.815918,0.0,270.0,131.0
CL108101050,-27.966309,0.9548412561416626,90.0,131.0
CL108105002,-17.745605,-9999.0,-9999.0,3.3999999521443642e+38
CL108105002,-7.044922,-9999.0,-9999.0,3.3999999521443642e+38
CL108105002,-10.910645,-9999.0,-9999.0,3.3999999521443642e+38
CL108105002,-0.5180664,-9999.0,-9999.0,3.3999999521443642e+38
CL108105002,-9.609375,-9999.0,-9999.0,3.3999999521443642e+38
CL108105002,-20.20752,-9999.0,-9999.0,3.3999999521443642e+38
CL108105002,-30.495605,-9999.0,-9999.0,3.3999999521443642e+38
CL108105002,-0.87158203,-9999.0,-9999.0,3.3999999521443642e+38
CL108105002,-12.229492,-9999.0,-9999.0,3.3999999521443642e+38
CL108105002,-27.351074,-9999.0,-9999.0,3.3999999521443642e+38
CL108105002,-28.284668,-9999.0,-9999.0,3.3999999521443642e+38
CL108105002,-3.953125,-9999.0,-9999.0,3.3999999521443642e+38
CL108105002,-17.714844,-9999.0,-9999.0,3.3999999521443642e+38
CL108105002,-38.208008,-9999.0,-9999.0,3.3999999521443642e+38
CL108105002,-33.628906,-9999.0,-9999.0,3.3999999521443642e+38
CL108105002,-12.522461,1.8175220489501953,203.19859313964844,133.0
CL108105002,-18.35791,1.39176344871521,239.03623962402344,133.0
CL108105002,-41.015625,1.6876049041748047,261.8699035644531,134.0
CL108105002,-27.41455,0.6752060055732727,225.0,135.0
CL108105002,-18.672363,2.0527751445770264,215.5376739501953,131.0
CL108105002,-16.19336,2.569502830505371,248.19859313964844,132.0
CL108105002,-28.48877,2.433138847351074,258.6900634765625,134.0
CL108105002,-23.318848,0.754894495010376,198.43495178222656,135.0
CL108105002,-12.677246,1.39176344871521,300.9637451171875,131.0
CL108105002,-16.402344,2.385944128036499,270.0,132.0
CL108105002,-31.806152,2.1342999935150146,243.43495178222656,134.0
CL108105002,-24.591797,1.432096242904663,180.0,134.0
CL108105002,-0.084472656,1.2171181440353394,258.6900634765625,132.0
CL108105002,-14.742676,1.721006155014038,213.6900634765625,133.0
CL108105002,-11.125977,1.9091523885726929,180.0,133.0
CL108105002,-5.2924805,1.6876049041748047,188.13009643554688,132.0
CL108105002,-4.427246,1.6876049041748047,188.13009643554688,132.0
CL108101048,-0.94433594,-9999.0,-9999.0,3.3999999521443642e+38
CL108101048,-9.665039,-9999.0,-9999.0,3.3999999521443642e+38
CL108101048,-6.519043,-9999.0,-9999.0,3.3999999521443642e+38
CL108101048,6.0029297,-9999.0,-9999.0,3.3999999521443642e+38
CL108101048,16.294922,-9999.0,-9999.0,3.3999999521443642e+38
CL108101048,12.612305,-9999.0,-9999.0,3.3999999521443642e+38
CL108101048,0.15917969,-9999.0,-9999.0,3.3999999521443642e+38
CL108101048,-1.0849609,-9999.0,-9999.0,3.3999999521443642e+38
CL108101048,0.20800781,-9999.0,-9999.0,3.3999999521443642e+38
CL108101048,5.176758,-9999.0,-9999.0,3.3999999521443642e+38
CL108101048,2.6479492,-9999.0,-9999.0,3.3999999521443642e+38
CL108101048,-1.2363281,-9999.0,-9999.0,3.3999999521443642e+38
CL108101048,-9.358398,-9999.0,-9999.0,3.3999999521443642e+38
CL108101048,-7.211914,-9999.0,-9999.0,3.3999999521443642e+38
CL108101048,-7.164551,-9999.0,-9999.0,3.3999999521443642e+38
CL108101048,-8.222656,-9999.0,-9999.0,3.3999999521443642e+38
CL108101048,-8.176758,-9999.0,-9999.0,3.3999999521443642e+38
CL108101048,-18.345703,-9999.0,-9999.0,3.3999999521443642e+38
CL108101048,-22.943848,-9999.0,-9999.0,3.3999999521443642e+38
CL108101048,-25.378418,-9999.0,-9999.0,3.3999999521443642e+38
CL108101048,-14.500488,-9999.0,-9999.0,3.3999999521443642e+38
CL108101048,20.643066,-9999.0,-9999.0,3.3999999521443642e+38
CL108101048,12.854492,-9999.0,-9999.0,3.3999999521443642e+38
CL108101048,9.274902,-9999.0,-9999.0,3.3999999521443642e+38
CL108101048,-2.1972656,-9999.0,-9999.0,3.3999999521443642e+38
CL108101048,-8.604004,-9999.0,-9999.0,3.3999999521443642e+38
CL108101048,-0.5698242,-9999.0,-9999.0,3.3999999521443642e+38
CL108101048,5.5444336,-9999.0,-9999.0,3.3999999521443642e+38
CL108101048,-1.3095703,-9999.0,-9999.0,3.3999999521443642e+38
CL108101048,-6.7421875,-9999.0,-9999.0,3.3999999521443642e+38
CL108101048,-11.203613,-9999.0,-9999.0,3.3999999521443642e+38
CL108101048,-16.44336,-9999.0,-9999.0,3.3999999521443642e+38
CL108101048,-16.113281,-9999.0,-9999.0,3.3999999521443642e+38
CL108101048,-13.029297,-9999.0,-9999.0,3.3999999521443642e+38
CL108101048,-14.443359,-9999.0,-9999.0,3.3999999521443642e+38
CL108101048,-29.279297,-9999.0,-9999.0,3.3999999521443642e+38
CL108101048,-31.783691,-9999.0,-9999.0,3.3999999521443642e+38
CL108101048,-30.799316,-9999.0,-9999.0,3.3999999521443642e+38
CL108101048,-19.480469,-9999.0,-9999.0,3.3999999521443642e+38
CL108101048,-19.559082,-9999.0,-9999.0,3.3999999521443642e+38
CL108101048,-16.132812,-9999.0,-9999.0,3.3999999521443642e+38
CL108101048,12.733398,-9999.0,-9999.0,3.3999999521443642e+38
CL108101048,14.298828,-9999.0,-9999.0,3.3999999521443642e+38
CL108101048,0.05126953,-9999.0,-9999.0,3.3999999521443642e+38
CL108101048,-4.3549805,-9999.0,-9999.0,3.3999999521443642e+38
CL108101048,-10.927246,-9999.0,-9999.0,3.3999999521443642e+38
CL108101048,-12.530273,-9999.0,-9999.0,3.3999999521443642e+38
CL108101048,-3.3286133,-9999.0,-9999.0,3.3999999521443642e+38
CL108101048,1.7841797,-9999.0,-9999.0,3.3999999521443642e+38
CL108101048,-6.414551,-9999.0,-9999.0,3.3999999521443642e+38
CL108101048,-9.1328125,-9999.0,-9999.0,3.3999999521443642e+38
CL108101048,-10.427734,-9999.0,-9999.0,3.3999999521443642e+38
CL108101048,-16.506836,-9999.0,-9999.0,3.3999999521443642e+38
CL108101048,-19.132812,-9999.0,-9999.0,3.3999999521443642e+38
CL108101048,-11.005859,-9999.0,-9999.0,3.3999999521443642e+38
CL108101048,-12.760254,-9999.0,-9999.0,3.3999999521443642e+38
CL108101048,-26.626465,-9999.0,-9999.0,3.3999999521443642e+38
CL108101048,-33.55713,-9999.0,-9999.0,3.3999999521443642e+38
CL108101048,-31.734375,-9999.0,-9999.0,3.3999999521443642e+38
CL108101048,-20.609375,-9999.0,-9999.0,3.3999999521443642e+38
CL108101048,-16.339844,-9999.0,-9999.0,3.3999999521443642e+38
CL108101048,-16.108887,-9999.0,-9999.0,3.3999999521443642e+38
CL108101048,-20.511719,-9999.0,-9999.0,3.3999999521443642e+38
CL108101048,-5.2094727,-9999.0,-9999.0,3.3999999521443642e+38
CL108101048,-6.5737305,-9999.0,-9999.0,3.3999999521443642e+38
CL108101048,-8.421875,-9999.0,-9999.0,3.3999999521443642e+38
CL108101048,-13.052734,-9999.0,-9999.0,3.3999999521443642e+38
CL108101048,-14.052734,-9999.0,-9999.0,3.3999999521443642e+38
CL108101048,-14.922852,-9999.0,-9999.0,3.3999999521443642e+38
CL108101048,-9.037109,-9999.0,-9999.0,3.3999999521443642e+38
CL108101048,2.0830078,-9999.0,-9999.0,3.3999999521443642e+38
CL108101048,4.8603516,-9999.0,-9999.0,3.3999999521443642e+38
CL108101048,8.269531,-9999.0,-9999.0,3.3999999521443642e+38
CL108101048,3.678711,-9999.0,-9999.0,3.3999999521443642e+38
CL108101048,-12.39209,-9999.0,-9999.0,3.3999999521443642e+38
CL108101048,-13.49707,-9999.0,-9999.0,3.3999999521443642e+38
CL108101048,-18.844727,-9999.0,-9999.0,3.3999999521443642e+38
CL108101048,-13.838867,-9999.0,-9999.0,3.3999999521443642e+38
CL108101048,-4.1918945,-9999.0,-9999.0,3.3999999521443642e+38
CL108101048,-0.47998047,-9999.0,-9999.0,3.3999999521443642e+38
CL108101048,-10.104004,-9999.0,-9999.0,3.3999999521443642e+38
CL108101048,-9.673828,-9999.0,-9999.0,3.3999999521443642e+38
CL108101048,-8.609863,-9999.0,-9999.0,3.3999999521443642e+38
CL108101048,-11.675293,-9999.0,-9999.0,3.3999999521443642e+38
CL108101048,-17.661621,-9999.0,-9999.0,3.3999999521443642e+38
CL108101048,-11.046387,-9999.0,-9999.0,3.3999999521443642e+38
CL108101048,-11.446289,-9999.0,-9999.0,3.3999999521443642e+38
CL108101048,-21.024414,-9999.0,-9999.0,3.3999999521443642e+38
CL108101048,-28.510742,-9999.0,-9999.0,3.3999999521443642e+38
CL108101048,-31.029785,-9999.0,-9999.0,3.3999999521443642e+38
CL108101048,-21.986816,-9999.0,-9999.0,3.3999999521443642e+38
CL108101048,-15.961426,-9999.0,-9999.0,3.3999999521443642e+38
CL108101048,-18.079102,-9999.0,-9999.0,3.3999999521443642e+38
CL108101048,-24.361328,-9999.0,-9999.0,3.3999999521443642e+38
CL108101048,-23.29541,-9999.0,-9999.0,3.3999999521443642e+38
CL108101048,-24.583984,-9999.0,-9999.0,3.3999999521443642e+38
CL108101048,-14.052734,-9999.0,-9999.0,3.3999999521443642e+38
CL108101048,-11.052734,-9999.0,-9999.0,3.3999999521443642e+38
CL108101048,-12.052734,-9999.0,-9999.0,3.3999999521443642e+38
CL108101048,-14.370117,-9999.0,-9999.0,3.3999999521443642e+38
CL108101048,-13.868652,-9999.0,-9999.0,3.3999999521443642e+38
CL108101048,-9.03418,-9999.0,-9999.0,3.3999999521443642e+38
CL108101048,-5.9726562,-9999.0,-9999.0,3.3999999521443642e+38
CL108101048,-9.035156,-9999.0,-9999.0,3.3999999521443642e+38
CL108101048,-15.992676,-9999.0,-9999.0,3.3999999521443642e+38
CL108101048,-15.052734,-9999.0,-9999.0,3.3999999521443642e+38
CL108101048,-17.519043,-9999.0,-9999.0,3.3999999521443642e+38
CL108101048,-14.21582,-9999.0,-9999.0,3.3999999521443642e+38
CL108101048,-2.0498047,-9999.0,-9999.0,3.3999999521443642e+38
CL108101048,1.4692383,-9999.0,-9999.0,3.3999999521443642e+38
CL108101048,3.9545898,-9999.0,-9999.0,3.3999999521443642e+38
CL108101048,-1.8969727,-9999.0,-9999.0,3.3999999521443642e+38
CL108101048,-12.012207,-9999.0,-9999.0,3.3999999521443642e+38
CL108101048,-15.06543,-9999.0,-9999.0,3.3999999521443642e+38
CL108101048,-22.644043,-9999.0,-9999.0,3.3999999521443642e+38
CL108101048,-15.870605,-9999.0,-9999.0,3.3999999521443642e+38
CL108101048,-7.9526367,-9999.0,-9999.0,3.3999999521443642e+38
CL108101048,-6.1098633,-9999.0,-9999.0,3.3999999521443642e+38
CL108101048,-11.401855,-9999.0,-9999.0,3.3999999521443642e+38
CL108101048,-8.244141,-9999.0,-9999.0,3.3999999521443642e+38
CL108101048,-6.878418,-9999.0,-9999.0,3.3999999521443642e+38
CL108101048,-8.376953,-9999.0,-9999.0,3.3999999521443642e+38
CL108101048,-13.6953125,-9999.0,-9999.0,3.3999999521443642e+38
CL108101048,-8.808105,-9999.0,-9999.0,3.3999999521443642e+38
CL108101048,-12.12207,-9999.0,-9999.0,3.3999999521443642e+38
CL108101048,-19.118164,-9999.0,-9999.0,3.3999999521443642e+38
CL108101048,-23.73291,-9999.0,-9999.0,3.3999999521443642e+38
CL108101048,-27.013184,-9999.0,-9999.0,3.3999999521443642e+38
CL108101048,-21.60791,-9999.0,-9999.0,3.3999999521443642e+38
CL108101048,-16.486816,-9999.0,-9999.0,3.3999999521443642e+38
CL108101048,-20.277344,-9999.0,-9999.0,3.3999999521443642e+38
CL108101048,-27.75,-9999.0,-9999.0,3.3999999521443642e+38
CL108101048,-31.268555,-9999.0,-9999.0,3.3999999521443642e+38
CL108101048,-25.895508,-9999.0,-9999.0,3.3999999521443642e+38
CL108101048,-30.210938,-9999.0,-9999.0,3.3999999521443642e+38
CL108101048,-17.737793,-9999.0,-9999.0,3.3999999521443642e+38
CL108101048,-11.689941,-9999.0,-9999.0,3.3999999521443642e+38
CL108101048,-6.45166,-9999.0,-9999.0,3.3999999521443642e+38
CL108101048,-8.052734,-9999.0,-9999.0,3.3999999521443642e+38
CL108101048,-11.052734,-9999.0,-9999.0,3.3999999521443642e+38
CL108101048,-16.052734,-9999.0,-9999.0,3.3999999521443642e+38
CL108101048,-17.418457,-9999.0,-9999.0,3.3999999521443642e+38
CL108101048,-10.674805,-9999.0,-9999.0,3.3999999521443642e+38
CL108101048,-2.5014648,-9999.0,-9999.0,3.3999999521443642e+38
CL108101048,-3.0527344,-9999.0,-9999.0,3.3999999521443642e+38
CL108101048,-4.7128906,-9999.0,-9999.0,3.3999999521443642e+38
CL108101048,-7.8598633,-9999.0,-9999.0,3.3999999521443642e+38
CL108101048,-17.052734,-9999.0,-9999.0,3.3999999521443642e+38
CL108101048,-23.052734,-9999.0,-9999.0,3.3999999521443642e+38
CL108101048,-29.557617,-9999.0,-9999.0,3.3999999521443642e+38
CL108101048,-28.010742,-9999.0,-9999.0,3.3999999521443642e+38
CL108101048,-16.429688,-9999.0,-9999.0,3.3999999521443642e+38
CL108101048,-18.350586,-9999.0,-9999.0,3.3999999521443642e+38
CL108101048,-15.55957,-9999.0,-9999.0,3.3999999521443642e+38
CL108101048,-4.7958984,-9999.0,-9999.0,3.3999999521443642e+38
CL108101048,-3.2797852,-9999.0,-9999.0,3.3999999521443642e+38
CL108101048,1.6621094,-9999.0,-9999.0,3.3999999521443642e+38
CL108101048,0.25830078,-9999.0,-9999.0,3.3999999521443642e+38
CL108101048,-4.7592773,-9999.0,-9999.0,3.3999999521443642e+38
CL108101048,-10.163086,-9999.0,-9999.0,3.3999999521443642e+38
CL108101048,-23.143555,-9999.0,-9999.0,3.3999999521443642e+38
CL108101048,-21.747559,-9999.0,-9999.0,3.3999999521443642e+38
CL108101048,-13.991699,-9999.0,-9999.0,3.3999999521443642e+38
CL108101048,-11.215332,-9999.0,-9999.0,3.3999999521443642e+38
CL108101048,-12.8203125,-9999.0,-9999.0,3.3999999521443642e+38
CL108101048,-9.116211,-9999.0,-9999.0,3.3999999521443642e+38
CL108101048,-6.9155273,-9999.0,-9999.0,3.3999999521443642e+38
CL108101048,-4.907715,-9999.0,-9999.0,3.3999999521443642e+38
CL108101048,-7.814453,-9999.0,-9999.0,3.3999999521443642e+38
CL108101048,-4.925293,-9999.0,-9999.0,3.3999999521443642e+38
CL108101048,-11.362305,-9999.0,-9999.0,3.3999999521443642e+38
CL108101048,-17.64502,-9999.0,-9999.0,3.3999999521443642e+38
CL108101048,-15.769043,-9999.0,-9999.0,3.3999999521443642e+38
CL108101048,-17.378906,-9999.0,-9999.0,3.3999999521443642e+38
CL108101048,-13.147949,-9999.0,-9999.0,3.3999999521443642e+38
CL108101048,-14.186523,-9999.0,-9999.0,3.3999999521443642e+38
CL108101048,-22.606934,-9999.0,-9999.0,3.3999999521443642e+38
CL108101048,-27.267578,-9999.0,-9999.0,3.3999999521443642e+38
CL108101048,-31.160156,-9999.0,-9999.0,3.3999999521443642e+38
CL108101048,-24.843262,-9999.0,-9999.0,3.3999999521443642e+38
CL108101048,-31.082031,-9999.0,-9999.0,3.3999999521443642e+38
CL108101048,-28.608887,-9999.0,-9999.0,3.3999999521443642e+38
CL108101048,-23.512695,-9999.0,-9999.0,3.3999999521443642e+38
CL108101048,-19.083008,-9999.0,-9999.0,3.3999999521443642e+38
CL108101048,-7.938965,-9999.0,-9999.0,3.3999999521443642e+38
CL108101048,-5.0527344,-9999.0,-9999.0,3.3999999521443642e+38
CL108101048,-10.052734,-9999.0,-9999.0,3.3999999521443642e+38
CL108101048,-13.052734,-9999.0,-9999.0,3.3999999521443642e+38
CL108101048,-17.052734,-9999.0,-9999.0,3.3999999521443642e+38
CL108101048,-14.229492,-9999.0,-9999.0,3.3999999521443642e+38
CL108101048,-3.9404297,-9999.0,-9999.0,3.3999999521443642e+38
CL108101048,0.9472656,-9999.0,-9999.0,3.3999999521443642e+38
CL108101048,-1.0527344,-9999.0,-9999.0,3.3999999521443642e+38
CL108101048,-7.1816406,-9999.0,-9999.0,3.3999999521443642e+38
CL108101048,-8.533203,-9999.0,-9999.0,3.3999999521443642e+38
CL108101048,-10.199707,-9999.0,-9999.0,3.3999999521443642e+38
CL108101048,-17.052734,-9999.0,-9999.0,3.3999999521443642e+38
CL108101048,-25.052734,-9999.0,-9999.0,3.3999999521443642e+38
CL108101048,-26.445312,-9999.0,-9999.0,3.3999999521443642e+38
CL108101048,-15.338379,-9999.0,-9999.0,3.3999999521443642e+38
CL108101048,-14.400391,-9999.0,-9999.0,3.3999999521443642e+38
CL108101048,-13.776855,-9999.0,-9999.0,3.3999999521443642e+38
CL108101048,-7.5493164,-9999.0,-9999.0,3.3999999521443642e+38
CL108101048,-7.5976562,-9999.0,-9999.0,3.3999999521443642e+38
CL108101048,-0.96533203,-9999.0,-9999.0,3.3999999521443642e+38
CL108101048,1.9477539,-9999.0,-9999.0,3.3999999521443642e+38
CL108101048,2.4101562,-9999.0,-9999.0,3.3999999521443642e+38
CL108101048,-2.400879,-9999.0,-9999.0,3.3999999521443642e+38
CL108101048,-14.377441,-9999.0,-9999.0,3.3999999521443642e+38
CL108101048,-17.425293,-9999.0,-9999.0,3.3999999521443642e+38
CL108101048,-11.633301,-9999.0,-9999.0,3.3999999521443642e+38
CL108101048,-11.425293,-9999.0,-9999.0,3.3999999521443642e+38
CL108101048,-13.800293,-9999.0,-9999.0,3.3999999521443642e+38
CL108101048,-10.987305,-9999.0,-9999.0,3.3999999521443642e+38
CL108101048,-11.269043,-9999.0,-9999.0,3.3999999521443642e+38
CL108101048,-5.151367,-9999.0,-9999.0,3.3999999521443642e+38
CL108101048,-5.543457,-9999.0,-9999.0,3.3999999521443642e+38
CL108101048,-3.135254,-9999.0,-9999.0,3.3999999521443642e+38
CL108101048,-10.791016,-9999.0,-9999.0,3.3999999521443642e+38
CL108101048,-16.719238,-9999.0,-9999.0,3.3999999521443642e+38
CL108101048,-10.928711,-9999.0,-9999.0,3.3999999521443642e+38
CL108101048,-9.854004,-9999.0,-9999.0,3.3999999521443642e+38
CL108101048,-9.242676,-9999.0,-9999.0,3.3999999521443642e+38
CL108101048,-17.58252,-9999.0,-9999.0,3.3999999521443642e+38
CL108101048,-23.283691,-9999.0,-9999.0,3.3999999521443642e+38
CL108101048,-25.532227,1.2171181440353394,348.6900634765625,138.0
CL108101048,-29.490723,0.754894495010376,288.4349365234375,139.0
CL108101048,-23.947754,0.754894495010376,341.5650634765625,139.0
CL108101048,-30.984375,1.0127503871917725,45.0,139.0
CL108101048,-32.481934,1.350224494934082,45.0,138.0
CL108101048,-38.854004,0.754894495010376,71.56504821777344,138.0
CL108101048,-47.29834,1.067520260810852,26.565052032470703,137.0
CL108101048,-14.052734,-9999.0,-9999.0,3.3999999521443642e+38
CL108101048,-21.052734,-9999.0,-9999.0,3.3999999521443642e+38
CL108101048,-17.391602,-9999.0,-9999.0,3.3999999521443642e+38
CL108101048,-6.229004,-9999.0,-9999.0,3.3999999521443642e+38
CL108101048,-9.052734,-9999.0,-9999.0,3.3999999521443642e+38
CL108101048,-12.052734,-9999.0,-9999.0,3.3999999521443642e+38
CL108101048,-14.052734,-9999.0,-9999.0,3.3999999521443642e+38
CL108101048,-17.60791,-9999.0,-9999.0,3.3999999521443642e+38
CL108101048,-13.928223,-9999.0,-9999.0,3.3999999521443642e+38
CL108101048,1.9472656,-9999.0,-9999.0,3.3999999521443642e+38
CL108101048,-0.052734375,-9999.0,-9999.0,3.3999999521443642e+38
CL108101048,-7.0527344,0.754894495010376,18.434947967529297,137.0
CL108101048,-10.685547,0.3376147150993347,45.0,137.0
CL108101048,-5.9155273,0.754894495010376,288.4349365234375,137.0
CL108101048,-9.052734,0.754894495010376,251.56504821777344,138.0
CL108101048,-19.052734,0.754894495010376,108.43495178222656,138.0
CL108101048,-24.736816,0.3376147150993347,45.0,137.0
CL108101048,-18.097656,1.0127503871917725,225.0,138.0
CL108101048,-12.881836,0.9548412561416626,270.0,138.0
CL108101048,-14.3203125,0.6752060055732727,225.0,139.0
CL108101048,-7.7285156,0.4774537682533264,180.0,139.0
CL108101048,-7.2124023,0.9548412561416626,270.0,139.0
CL108101048,-0.7265625,0.3376147150993347,225.0,140.0
CL108101048,0.70703125,1.067520260810852,26.565052032470703,139.0
CL108101048,2.2514648,0.9548412561416626,0.0,139.0
CL108101048,-2.5751953,1.39176344871521,329.0362548828125,139.0
CL108101048,-8.722168,0.6752060055732727,315.0,140.0
CL108101048,-11.749512,0.3376147150993347,315.0,140.0
CL108101048,-10.537598,1.067520260810852,206.56504821777344,141.0
CL108101048,-9.7421875,1.067520260810852,153.43495178222656,141.0
CL108101048,-11.55957,1.2171181440353394,101.30992889404297,140.0
CL108101048,-10.485352,0.754894495010376,71.56504821777344,139.0
CL108101048,-15.870605,0.4774537682533264,270.0,139.0
CL108101048,-5.444824,1.067520260810852,206.56504821777344,140.0
CL108101048,-2.6640625,1.067520260810852,153.43495178222656,140.0
CL108101048,-2.6269531,1.6876049041748047,98.1301040649414,139.0
CL108101048,-6.7524414,1.2171181440353394,11.309932708740234,137.0
CL108101048,-13.885742,1.39176344871521,239.03623962402344,139.0
CL108101048,-8.2734375,0.3376147150993347,225.0,139.0
CL108101048,-7.9648438,0.0,270.0,139.0
CL108101048,-13.312012,0.754894495010376,288.4349365234375,139.0
CL108101048,-20.595215,0.754894495010376,251.56504821777344,140.0
CL108101048,-18.313477,1.2171181440353394,78.69007110595703,140.0
CL108101048,-22.057617,1.067520260810852,26.565052032470703,139.0
CL108101048,-26.862793,1.6876049041748047,315.0,139.0
CL108101048,-23.14795,1.8175220489501953,336.8014221191406,140.0
CL108101048,-30.453613,2.1342999935150146,26.565052032470703,140.0
CL108101048,-34.440918,2.3619914054870605,45.0,139.0
CL108101048,-40.464355,1.6876049041748047,45.0,138.0
CL108101048,-47.635742,1.067520260810852,26.565052032470703,138.0
CL108101048,-46.762207,0.4774537682533264,0.0,138.0
CL108101048,-50.114258,0.4774537682533264,180.0,138.0
CL108101048,-6.0527344,0.6752060055732727,225.0,139.0
CL108101048,-14.052734,0.3376147150993347,135.0,139.0
CL108101048,-20.052734,1.067520260810852,26.565052032470703,138.0
CL108101048,-18.190918,1.6876049041748047,315.0,138.0
CL108101048,-8.775391,1.2171181440353394,258.6900634765625,140.0
CL108101048,-13.052734,1.5095269680023193,108.43495178222656,140.0
CL108101048,-14.052734,2.862405300140381,90.0,138.0
CL108101048,-18.052734,2.1607890129089355,83.65980529785156,136.0
CL108101048,-14.513672,0.4774537682533264,0.0,135.0
CL108101048,0.5649414,2.1607890129089355,276.3401794433594,136.0
CL108101048,1.9472656,1.2171181440353394,258.6900634765625,138.0
CL108101048,-3.0527344,1.0127503871917725,45.0,138.0
CL108101048,-9.573242,1.0127503871917725,45.0,137.0
CL108101048,-9.990723,0.4774537682533264,270.0,137.0
CL108101048,-5.3671875,1.067520260810852,243.43495178222656,138.0
CL108101048,-13.052734,0.4774537682533264,90.0,138.0
CL108101048,-21.375,0.6752060055732727,45.0,137.0
CL108101048,-23.04541,0.754894495010376,288.4349365234375,137.0
CL108101048,-13.262207,1.432096242904663,270.0,138.0
CL108101048,-14.619629,0.3376147150993347,225.0,139.0
CL108101048,-8.736816,0.754894495010376,161.56504821777344,138.0
CL108101048,-7.8588867,1.8175220489501953,246.80140686035156,139.0
CL108101048,-6.319336,0.9548412561416626,270.0,140.0
CL108101048,-2.709961,0.9548412561416626,0.0,140.0
CL108101048,-3.3881836,1.9678637981414795,345.9637451171875,140.0
CL108101048,-7.2856445,2.569502830505371,338.1985778808594,140.0
CL108101048,-5.6416016,1.6876049041748047,8.130102157592773,141.0
CL108101048,-7.5424805,0.9548412561416626,90.0,140.0
CL108101048,-9.5546875,1.6876049041748047,171.86990356445312,140.0
CL108101048,-6.840332,2.1607890129089355,173.65980529785156,140.0
CL108101048,-9.859863,1.39176344871521,149.03623962402344,140.0
CL108101048,-10.669434,0.754894495010376,108.43495178222656,139.0
CL108101048,-16.97168,0.4774537682533264,180.0,139.0
CL108101048,-5.647461,1.2171181440353394,191.3099365234375,139.0
CL108101048,-0.78125,0.9548412561416626,180.0,139.0
CL108101048,-3.2124023,1.432096242904663,90.0,139.0
CL108101048,-3.9057617,0.754894495010376,71.56504821777344,138.0
CL108101048,-8.769043,1.2171181440353394,258.6900634765625,138.0
CL108101048,-3.0390625,0.754894495010376,251.56504821777344,139.0
CL108101048,-5.289551,0.0,270.0,139.0
CL108101048,-13.560059,0.9548412561416626,270.0,139.0
CL108101048,-19.838379,0.9548412561416626,270.0,140.0
CL108101048,-13.577148,0.754894495010376,71.56504821777344,140.0
CL108101048,-18.544434,0.9548412561416626,0.0,139.0
CL108101048,-25.525879,2.3619914054870605,315.0,140.0
CL108101048,-24.503418,2.1342999935150146,333.4349365234375,141.0
CL108101048,-31.233887,2.1342999935150146,26.565052032470703,141.0
CL108101048,-33.035156,2.698951005935669,45.0,140.0
CL108101048,-36.443848,2.3619914054870605,45.0,139.0
CL108101048,-41.628418,1.350224494934082,45.0,138.0
CL108101048,-41.04492,0.9548412561416626,90.0,138.0
CL108101048,-49.63037,1.0127503871917725,135.0,137.0
CL108101048,-52.606934,0.9548412561416626,180.0,137.0
CL108101048,-3.0527344,0.3376147150993347,225.0,138.0
CL108101048,-11.052734,0.754894495010376,288.4349365234375,139.0
CL108101048,-19.052734,1.432096242904663,0.0,139.0
CL108101048,-19.326172,1.721006155014038,326.3099365234375,139.0
CL108101048,-13.137695,0.754894495010376,288.4349365234375,140.0
CL108101048,-11.052734,1.9678637981414795,104.03624725341797,140.0
CL108101048,-12.052734,3.338470458984375,90.0,138.0
CL108101048,-14.052734,2.569502830505371,68.19859313964844,136.0
CL108101048,-14.291016,1.6876049041748047,351.8699035644531,135.0
CL108101048,-3.1518555,2.781886339187622,300.9637451171875,136.0
CL108101048,3.9472656,1.5095269680023193,288.4349365234375,138.0
CL108101048,-1.0527344,0.3376147150993347,45.0,138.0
CL108101048,-5.0527344,1.2171181440353394,78.69007110595703,138.0
CL108101048,-11.246094,1.0127503871917725,135.0,137.0
CL108101048,-12.475586,1.721006155014038,213.6900634765625,137.0
CL108101048,-7.7265625,1.0127503871917725,225.0,138.0
CL108101048,-17.052734,0.3376147150993347,45.0,138.0
CL108101048,-22.935547,0.0,270.0,138.0
CL108101048,-17.4292,1.39176344871521,239.03623962402344,138.0
CL108101048,-18.42627,0.9548412561416626,180.0,139.0
CL108101048,-16.458008,1.39176344871521,149.03623962402344,138.0
CL108101048,-14.9765625,2.3619914054870605,225.0,138.0
CL108101048,-15.482422,2.3619914054870605,225.0,140.0
CL108101048,-10.333496,1.39176344871521,239.03623962402344,140.0
CL108101048,-6.380371,1.8175220489501953,293.1985778808594,141.0
CL108101048,-1.7133789,1.721006155014038,326.3099365234375,142.0
CL108101048,1.3266602,1.6876049041748047,45.0,142.0
CL108101048,-2.2226562,2.433138847351074,78.69007110595703,140.0
CL108101048,-9.664551,1.8175220489501953,113.19859313964844,139.0
CL108101048,-1.5913086,1.6876049041748047,171.86990356445312,138.0
CL108101048,-4.45459,1.6876049041748047,188.13009643554688,139.0
CL108101048,-6.9506836,1.2171181440353394,168.6900634765625,139.0
CL108101048,-9.4140625,1.067520260810852,153.43495178222656,139.0
CL108101048,-6.227539,0.754894495010376,198.43495178222656,138.0
CL108101048,-0.8930664,0.754894495010376,251.56504821777344,139.0
CL108101048,-5.317383,0.754894495010376,71.56504821777344,139.0
CL108101048,-2.0766602,1.0127503871917725,45.0,138.0
CL108101048,-5.0703125,1.0127503871917725,315.0,138.0
CL108101048,0.390625,0.754894495010376,288.4349365234375,139.0
CL108101048,-4.188965,0.3376147150993347,315.0,139.0
CL108101048,-11.572754,0.754894495010376,288.4349365234375,139.0
CL108101048,-19.27246,0.754894495010376,251.56504821777344,140.0
CL108101048,-14.527344,0.3376147150993347,315.0,140.0
CL108101048,-17.463867,1.721006155014038,326.3099365234375,140.0
CL108101048,-23.907715,2.698951005935669,315.0,141.0
CL108101048,-26.326172,1.8175220489501953,336.8014221191406,142.0
CL108101048,-28.203613,1.6876049041748047,45.0,142.0
CL108101048,-28.973145,2.1342999935150146,63.4349479675293,141.0
CL108101048,-33.215332,2.1342999935150146,63.4349479675293,140.0
CL108101048,-37.30664,1.8175220489501953,66.80140686035156,139.0
CL108101048,-38.74463,1.6876049041748047,81.8698959350586,138.0
CL108101048,-47.496094,0.9548412561416626,90.0,137.0
CL108101048,-44.132324,0.3376147150993347,315.0,137.0
CL108101048,-3.2324219,0.4774537682533264,0.0,138.0
CL108101048,-8.052734,1.2171181440353394,281.3099365234375,139.0
CL108101048,-17.052734,0.754894495010376,288.4349365234375,140.0
CL108101048,-21.164062,0.0,270.0,140.0
CL108101048,-15.935547,1.39176344871521,149.03623962402344,140.0
CL108101048,-9.052734,2.0248682498931885,135.0,139.0
CL108101048,-10.052734,1.9091523885726929,90.0,138.0
CL108101048,-11.052734,2.0527751445770264,35.53767776489258,137.0
CL108101048,-13.052734,2.433138847351074,348.6900634765625,137.0
CL108101048,-5.836914,2.0527751445770264,324.4623107910156,138.0
CL108101048,8.947266,0.6752060055732727,315.0,138.0
CL108101048,1.9472656,0.0,270.0,138.0
CL108101048,-2.0527344,1.6876049041748047,98.1301040649414,138.0
CL108101048,-7.0527344,1.8175220489501953,113.19859313964844,136.0
CL108101048,-12.805176,1.350224494934082,225.0,136.0
CL108101048,-6.116699,1.8175220489501953,246.80140686035156,137.0
CL108101048,-8.052734,0.4774537682533264,180.0,138.0
CL108101048,-17.516602,1.350224494934082,135.0,137.0
CL108101048,-19.450195,1.9678637981414795,194.03623962402344,137.0
CL108101048,-18.057617,2.385944128036499,180.0,138.0
CL108101048,-22.255371,2.569502830505371,158.19859313964844,137.0
CL108101048,-19.330566,3.0169613361358643,198.43495178222656,137.0
CL108101048,-17.73291,3.843668222427368,209.74488830566406,138.0
CL108101048,-10.855957,3.723867177963257,219.80557250976562,139.0
CL108101048,-8.322754,3.3890671730041504,230.71058654785156,141.0
CL108101048,-2.6362305,2.0527751445770264,215.5376739501953,142.0
CL108101048,-1.8344727,1.0127503871917725,135.0,142.0
CL108101048,-4.45459,2.2636361122131348,71.56504821777344,141.0
CL108101048,-10.719727,2.719923257827759,52.12501525878906,139.0
CL108101048,-2.805664,1.6876049041748047,45.0,138.0
CL108101048,-2.0029297,0.3376147150993347,135.0,138.0
CL108101048,-3.2373047,0.9548412561416626,180.0,138.0
CL108101048,-1.8242188,0.754894495010376,161.56504821777344,138.0
CL108101048,-6.9213867,0.6752060055732727,225.0,138.0
CL108101048,-4.414551,1.067520260810852,243.43495178222656,139.0
CL108101048,-9.770996,0.3376147150993347,315.0,139.0
CL108101048,-5.9418945,1.2171181440353394,11.309932708740234,139.0
CL108101048,-9.30957,0.9548412561416626,0.0,139.0
CL108101048,-5.0947266,0.6752060055732727,315.0,139.0
CL108101048,-10.396973,1.0127503871917725,315.0,139.0
CL108101048,-12.87793,0.754894495010376,341.5650634765625,140.0
CL108101048,-16.704102,0.3376147150993347,315.0,139.0
CL108101048,-14.558105,1.2171181440353394,281.3099365234375,140.0
CL108101048,-16.527344,2.1342999935150146,296.5650634765625,141.0
CL108101048,-20.765137,2.0527751445770264,305.5376892089844,142.0
CL108101048,-26.137695,0.4774537682533264,0.0,143.0
CL108101048,-22.978027,1.6876049041748047,98.1301040649414,142.0
CL108101048,-23.441406,1.9678637981414795,104.03624725341797,141.0
CL108101048,-31.228027,1.432096242904663,90.0,140.0
CL108101048,-35.274902,1.8175220489501953,66.80140686035156,139.0
CL108101048,-35.93701,2.0527751445770264,54.46232223510742,138.0
CL108101048,-42.307617,1.8175220489501953,23.198591232299805,137.0
CL108101048,-38.49756,1.9678637981414795,345.9637451171875,137.0
CL108101048,-6.0966797,1.067520260810852,26.565052032470703,139.0
CL108101048,-1.5380859,1.2171181440353394,11.309932708740234,139.0
CL108101048,-4.2124023,0.3376147150993347,315.0,139.0
CL108101048,-12.052734,1.067520260810852,206.56504821777344,139.0
CL108101048,-19.082031,2.1342999935150146,153.43495178222656,140.0
CL108101048,-14.811523,2.456394672393799,150.9453887939453,138.0
CL108101048,-7.0527344,0.9548412561416626,180.0,138.0
CL108101048,-9.052734,0.754894495010376,18.434947967529297,138.0
CL108101048,-10.052734,1.6876049041748047,8.130102157592773,138.0
CL108101048,-11.052734,1.6876049041748047,351.8699035644531,138.0
CL108101048,-4.4467773,0.9548412561416626,0.0,138.0
CL108101048,9.70166,0.3376147150993347,45.0,138.0
CL108101048,4.9472656,0.0,270.0,138.0
CL108101048,-0.052734375,1.9091523885726929,90.0,138.0
CL108101048,-6.0527344,1.9091523885726929,90.0,136.0
CL108101048,-16.052734,0.9548412561416626,270.0,136.0
CL108101048,-14.925781,1.9091523885726929,270.0,137.0
CL108101048,-5.2768555,0.0,270.0,138.0
CL108101048,-15.052734,1.6876049041748047,98.1301040649414,137.0
CL108101048,-18.623535,0.754894495010376,161.56504821777344,136.0
CL108101048,-16.746582,0.754894495010376,198.43495178222656,136.0
CL108101048,-19.276855,1.067520260810852,116.56504821777344,136.0
CL108101048,-18.978027,0.9548412561416626,180.0,135.0
CL108101048,-13.3125,2.3619914054870605,225.0,136.0
CL108101048,-9.184082,3.372286796569824,225.0,137.0
CL108101048,-10.650879,4.058664321899414,220.23635864257812,139.0
CL108101048,-10.691406,3.4389123916625977,213.6900634765625,140.0
CL108101048,-11.624512,1.8175220489501953,203.19859313964844,141.0
CL108101048,-12.42334,0.4774537682533264,90.0,141.0
CL108101048,-15.262207,2.0527751445770264,35.53767776489258,141.0
CL108101048,-7.813965,3.109632968902588,32.47119140625,140.0
CL108101048,-6.385254,2.882181167602539,24.443954467773438,138.0
CL108101048,-6.150879,1.9678637981414795,14.036243438720703,138.0
CL108101048,-3.4990234,1.2171181440353394,11.309932708740234,138.0
CL108101048,-12.439941,0.754894495010376,341.5650634765625,138.0
CL108101048,-12.0,0.754894495010376,288.4349365234375,138.0
CL108101048,-17.562012,0.9548412561416626,270.0,139.0
CL108101048,-13.533203,0.0,270.0,140.0
CL108101048,-16.525879,0.4774537682533264,90.0,139.0
CL108101048,-13.282715,0.754894495010376,288.4349365234375,139.0
CL108101048,-17.674316,1.39176344871521,300.9637451171875,140.0
CL108101048,-16.807129,0.9548412561416626,0.0,140.0
CL108101048,-18.19043,0.6752060055732727,45.0,140.0
CL108101048,-12.884766,1.067520260810852,243.43495178222656,140.0
CL108101048,-15.031738,2.569502830505371,248.19859313964844,141.0
CL108101048,-18.407227,1.6876049041748047,225.0,143.0
CL108101048,-26.822266,1.5095269680023193,161.56504821777344,142.0
CL108101048,-22.60205,2.385944128036499,126.8698959350586,142.0
CL108101048,-23.570312,2.385944128036499,126.8698959350586,140.0
CL108101048,-27.736816,0.754894495010376,161.56504821777344,140.0
CL108101048,-32.109863,1.0127503871917725,45.0,140.0
CL108101048,-33.91455,2.1342999935150146,26.565052032470703,139.0
CL108101048,-39.813965,2.433138847351074,11.309932708740234,139.0
CL108101048,-34.581055,1.6876049041748047,8.130102157592773,139.0
CL108101048,-4.5249023,1.0127503871917725,45.0,140.0
CL108101048,-4.804199,0.9548412561416626,90.0,139.0
CL108101048,-13.052734,1.39176344871521,149.03623962402344,139.0
CL108101048,-17.49121,2.719923257827759,142.12501525878906,138.0
CL108101048,-12.647461,1.6876049041748047,171.86990356445312,137.0
CL108101048,-4.0527344,1.6876049041748047,261.8699035644531,138.0
CL108101048,-8.052734,1.0127503871917725,315.0,139.0
CL108101048,-9.052734,0.9548412561416626,0.0,139.0
CL108101048,-9.052734,0.9548412561416626,0.0,139.0
CL108101048,-6.0043945,1.067520260810852,26.565052032470703,139.0
CL108101048,2.4331055,1.0127503871917725,45.0,138.0
CL108101048,4.9472656,0.3376147150993347,45.0,138.0
CL108101048,-0.052734375,1.6876049041748047,81.8698959350586,138.0
CL108101048,-3.0527344,1.8175220489501953,66.80140686035156,136.0
CL108101048,-14.052734,1.0127503871917725,315.0,136.0
CL108101048,-20.056152,1.432096242904663,270.0,137.0
CL108101048,-15.943848,0.754894495010376,161.56504821777344,138.0
CL108101048,-13.431641,1.5095269680023193,108.43495178222656,137.0
CL108101048,-20.474121,0.754894495010376,341.5650634765625,136.0
CL108101048,-20.196777,2.1342999935150146,333.4349365234375,137.0
CL108101048,-14.486816,2.719923257827759,15.255118370056152,137.0
CL108101048,-10.088867,1.432096242904663,270.0,137.0
CL108101048,-11.841309,2.1342999935150146,243.43495178222656,137.0
CL108101048,-13.736328,2.719923257827759,232.12501525878906,139.0
CL108101048,-16.779785,2.385944128036499,216.86990356445312,140.0
CL108101048,-17.844238,1.8175220489501953,203.19859313964844,141.0
CL108101048,-18.921387,0.9548412561416626,180.0,141.0
CL108101048,-11.692871,0.6752060055732727,45.0,141.0
CL108101048,-11.714355,2.2636361122131348,18.434947967529297,141.0
CL108101048,-11.288086,3.0169613361358643,18.434947967529297,140.0
CL108101048,-9.974121,2.719923257827759,15.255118370056152,139.0
CL108101048,-18.0,1.8175220489501953,23.198591232299805,139.0
CL108101048,-16.050293,0.3376147150993347,45.0,139.0
CL108101048,-22.592285,1.067520260810852,206.56504821777344,139.0
CL108101048,-19.988281,1.2171181440353394,191.3099365234375,139.0
CL108101048,-22.00293,0.4774537682533264,180.0,139.0
CL108101048,-17.086914,0.754894495010376,251.56504821777344,139.0
CL108101048,-21.354492,1.5095269680023193,251.56504821777344,140.0
CL108101048,-17.205566,0.3376147150993347,225.0,141.0
CL108101048,-17.253418,1.2171181440353394,101.30992889404297,140.0
CL108101048,-14.237793,0.9548412561416626,180.0,139.0
CL108101048,-15.380859,2.698951005935669,225.0,140.0
CL108101048,-17.021973,2.569502830505371,201.80140686035156,141.0
CL108101048,-28.152832,1.9091523885726929,180.0,141.0
CL108101048,-25.697754,2.0527751445770264,125.53768157958984,141.0
CL108101048,-26.535645,2.456394672393799,119.05460357666016,139.0
CL108101048,-23.745605,1.5095269680023193,198.43495178222656,139.0
CL108101048,-27.824219,1.0127503871917725,225.0,140.0
CL108101048,-28.081055,0.4774537682533264,0.0,140.0
CL108101048,-34.02588,1.0127503871917725,45.0,140.0
CL108101048,-27.598145,1.432096242904663,90.0,139.0
CL108101048,-13.921387,1.067520260810852,116.56504821777344,139.0
CL108101048,-17.345215,1.2171181440353394,78.69007110595703,138.0
CL108101048,-14.798828,1.8175220489501953,66.80140686035156,137.0
CL108101048,-7.40625,0.754894495010376,341.5650634765625,136.0
CL108101048,-1.0527344,2.1607890129089355,276.3401794433594,138.0
CL108101048,-4.0527344,0.754894495010376,251.56504821777344,139.0
CL108101048,-6.0527344,0.754894495010376,161.56504821777344,139.0
CL108101048,-7.0527344,0.754894495010376,198.43495178222656,139.0
CL108101048,-9.052734,0.0,270.0,139.0
CL108101048,-7.2285156,1.0127503871917725,45.0,139.0
CL108101048,3.147461,1.067520260810852,26.565052032470703,138.0
CL108101048,-1.0527344,1.6876049041748047,45.0,138.0
CL108101048,-4.0527344,2.0527751445770264,35.53767776489258,137.0
CL108101048,-10.052734,1.432096242904663,0.0,137.0
CL108101048,-21.052734,0.3376147150993347,315.0,137.0
CL108101048,-20.770508,1.0127503871917725,135.0,137.0
CL108101048,-10.00293,0.6752060055732727,135.0,136.0
CL108101048,-12.052734,1.5095269680023193,288.4349365234375,137.0
CL108101048,-18.554688,2.0527751445770264,305.5376892089844,138.0
CL108101048,-14.3046875,1.9091523885726929,0.0,139.0
CL108101048,-16.769531,1.9678637981414795,14.036243438720703,137.0
CL108101048,-18.131348,1.39176344871521,329.0362548828125,137.0
CL108101048,-19.692871,1.067520260810852,296.5650634765625,138.0
CL108101048,-21.43164,1.350224494934082,225.0,138.0
CL108101048,-25.51709,2.719923257827759,195.25511169433594,139.0
CL108101048,-27.154297,3.471741199493408,195.9453887939453,139.0
CL108101048,-23.478516,3.0169613361358643,198.43495178222656,140.0
CL108101048,-17.874023,2.1342999935150146,206.56504821777344,140.0
CL108101048,-17.791504,1.0127503871917725,225.0,141.0
CL108101048,-17.880371,0.6752060055732727,45.0,141.0
CL108101048,-15.183594,1.5095269680023193,71.56504821777344,141.0
CL108101048,-19.867676,2.2636361122131348,108.43495178222656,140.0
CL108101048,-19.402344,2.0527751445770264,144.4623260498047,138.0
CL108101048,-23.445312,1.6876049041748047,188.13009643554688,138.0
CL108101048,-22.24121,1.350224494934082,225.0,138.0
CL108101048,-24.512695,0.754894495010376,251.56504821777344,139.0
CL108101048,-19.324707,0.4774537682533264,270.0,139.0
CL108101048,-20.248535,1.2171181440353394,258.6900634765625,139.0
CL108101048,-15.495117,0.6752060055732727,225.0,140.0
CL108101048,-12.82373,1.2171181440353394,101.30992889404297,140.0
CL108101048,-13.831055,0.754894495010376,108.43495178222656,139.0
CL108101048,-16.46582,1.350224494934082,225.0,139.0
CL108101048,-18.052734,1.721006155014038,213.6900634765625,140.0
CL108101048,-28.814941,1.350224494934082,225.0,140.0
CL108101048,-25.529297,0.9548412561416626,90.0,141.0
CL108101048,-25.007812,2.433138847351074,78.69007110595703,139.0
CL108101048,-22.072266,0.0,270.0,138.0
CL108101048,-25.76416,1.5095269680023193,251.56504821777344,139.0
CL108101048,-24.33496,0.6752060055732727,225.0,140.0
CL108101048,-28.943848,1.39176344871521,120.96375274658203,140.0
CL108101048,-2.9018555,2.456394672393799,29.054603576660156,139.0
CL108101048,2.3735352,2.1607890129089355,6.340191841125488,138.0
CL108101048,-0.052734375,2.0248682498931885,315.0,138.0
CL108101048,-2.0527344,0.754894495010376,341.5650634765625,139.0
CL108101048,-4.0527344,0.754894495010376,71.56504821777344,138.0
CL108101048,-5.0527344,0.754894495010376,288.4349365234375,138.0
CL108101048,-8.052734,1.0127503871917725,315.0,139.0
CL108101048,-8.853027,1.067520260810852,26.565052032470703,139.0
CL108101048,-1.2138672,1.067520260810852,26.565052032470703,139.0
CL108101048,-1.0527344,1.39176344871521,30.963756561279297,139.0
CL108101048,-4.0527344,1.8175220489501953,23.198591232299805,138.0
CL108101048,-6.0527344,1.8175220489501953,23.198591232299805,138.0
CL108101048,-14.052734,1.350224494934082,45.0,137.0
CL108101048,-21.27002,1.2171181440353394,78.69007110595703,137.0
CL108101048,-15.46582,0.0,270.0,136.0
CL108101048,-7.605957,1.6876049041748047,261.8699035644531,137.0
CL108101048,-21.375977,1.8175220489501953,246.80140686035156,138.0
CL108101048,-19.947754,1.0127503871917725,225.0,139.0
CL108101048,-23.81543,0.9548412561416626,0.0,138.0
CL108101048,-23.49414,0.3376147150993347,315.0,138.0
CL108101048,-25.079102,0.6752060055732727,135.0,138.0
CL108101048,-29.4375,1.5095269680023193,161.56504821777344,137.0
CL108101048,-31.98584,2.1342999935150146,206.56504821777344,137.0
CL108101048,-29.394531,2.3619914054870605,225.0,138.0
CL108101048,-27.489746,2.0248682498931885,225.0,139.0
CL108101048,-25.129883,2.0248682498931885,225.0,140.0
CL108101048,-23.32666,1.432096242904663,180.0,141.0
CL108101048,-21.671875,2.719923257827759,127.87498474121094,140.0
CL108101048,-23.720215,2.781886339187622,120.96375274658203,138.0
CL108101048,-22.537598,1.067520260810852,116.56504821777344,137.0
CL108101048,-24.055176,0.4774537682533264,270.0,137.0
CL108101048,-21.194824,1.432096242904663,270.0,138.0
CL108101048,-25.999023,1.2171181440353394,281.3099365234375,139.0
CL108101048,-21.971191,1.0127503871917725,315.0,139.0
CL108101048,-19.44336,1.0127503871917725,315.0,140.0
CL108101048,-14.618652,0.3376147150993347,315.0,140.0
CL108101048,-9.920898,0.9548412561416626,90.0,140.0
CL108101048,-13.59668,1.2171181440353394,101.30992889404297,139.0
CL108101048,-13.690918,0.9548412561416626,180.0,139.0
CL108101048,-22.052734,1.721006155014038,213.6900634765625,139.0
CL108101048,-28.14746,2.0527751445770264,234.4623260498047,140.0
CL108101048,-22.641602,0.4774537682533264,180.0,141.0
CL108101048,-24.25879,1.9678637981414795,75.96375274658203,140.0
CL108101048,-23.17627,1.0127503871917725,45.0,139.0
CL108101048,-27.260742,1.2171181440353394,281.3099365234375,139.0
CL108101048,-24.217773,0.3376147150993347,225.0,140.0
CL108101048,-26.712402,1.8175220489501953,113.19859313964844,139.0
CL108101048,-0.57910156,0.0,270.0,139.0
CL108101048,-2.7714844,1.39176344871521,300.9637451171875,139.0
CL108101048,-2.0527344,0.9548412561416626,0.0,140.0
CL108101048,-2.0527344,1.39176344871521,30.963756561279297,139.0
CL108101048,-3.0527344,2.385944128036499,323.1300964355469,139.0
CL108101048,-7.0527344,2.882181167602539,335.5560302734375,140.0
CL108101048,-10.021973,2.569502830505371,21.801408767700195,140.0
CL108101048,-4.7319336,1.6876049041748047,45.0,139.0
CL108101048,4.9472656,0.754894495010376,18.434947967529297,139.0
CL108101048,0.9472656,1.432096242904663,0.0,139.0
CL108101048,-2.0527344,2.1342999935150146,26.565052032470703,139.0
CL108101048,-8.052734,2.3619914054870605,45.0,138.0
CL108101048,-18.052734,2.1342999935150146,63.4349479675293,137.0
CL108101048,-21.111816,0.3376147150993347,45.0,136.0
CL108101048,-12.699707,1.2171181440353394,258.6900634765625,137.0
CL108101048,-21.052734,1.350224494934082,225.0,137.0
CL108101048,-23.256348,1.721006155014038,213.6900634765625,138.0
CL108101048,-3.4536133,1.6876049041748047,261.8699035644531,139.0
CL108101048,-1.9672852,0.3376147150993347,315.0,140.0
CL108101048,-1.3110352,0.9548412561416626,0.0,139.0
CL108101048,-2.2641602,2.719923257827759,307.8749694824219,140.0
CL108101048,-4.5410156,2.0527751445770264,324.4623107910156,142.0
CL108101048,-6.03125,2.1342999935150146,63.4349479675293,142.0
CL108101048,0.01953125,2.1607890129089355,83.65980529785156,140.0
CL108101048,9.947266,0.0,270.0,139.0
CL108101048,6.9472656,0.4774537682533264,270.0,140.0
CL108101048,1.9472656,0.754894495010376,71.56504821777344,140.0
CL108101048,-5.0527344,1.8175220489501953,66.80140686035156,139.0
CL108101048,-13.052734,2.569502830505371,68.19859313964844,138.0
CL108101048,-21.098633,1.0127503871917725,45.0,136.0
CL108101048,-16.845215,0.754894495010376,288.4349365234375,137.0
CL108101048,-15.052734,0.3376147150993347,225.0,137.0
CL108101048,-24.827637,1.0127503871917725,225.0,137.0
CL108101048,1.1401367,0.6752060055732727,315.0,140.0
CL108101048,4.340332,1.6876049041748047,261.8699035644531,141.0
CL108101048,8.439453,1.39176344871521,210.96376037597656,142.0
CL108101048,10.988281,2.456394672393799,119.05460357666016,141.0
CL108101048,12.940918,2.569502830505371,111.80140686035156,139.0
CL108101048,10.947266,1.2171181440353394,168.6900634765625,139.0
CL108101048,8.947266,1.6876049041748047,188.13009643554688,139.0
CL108101048,5.9472656,1.6876049041748047,171.86990356445312,139.0
CL108101048,-2.0527344,1.350224494934082,135.0,139.0
CL108101048,-9.052734,1.6876049041748047,81.8698959350586,138.0
CL108101048,-15.764648,1.39176344871521,59.0362434387207,137.0
CL108101048,-13.249023,0.3376147150993347,135.0,137.0
CL108101048,-10.052734,0.9548412561416626,180.0,137.0
CL108101048,-19.052734,1.067520260810852,206.56504821777344,137.0
CL108101048,8.947266,1.8175220489501953,203.19859313964844,140.0
CL108101048,15.947266,1.721006155014038,213.6900634765625,140.0
CL108101048,14.947266,1.2171181440353394,101.30992889404297,141.0
CL108101048,12.947266,2.433138847351074,78.69007110595703,139.0
CL108101048,10.947266,0.9548412561416626,90.0,138.0
CL108101048,10.947266,1.067520260810852,153.43495178222656,138.0
CL108101048,9.947266,1.432096242904663,180.0,138.0
CL108101048,1.9472656,0.754894495010376,198.43495178222656,138.0
CL108101048,-7.0527344,0.6752060055732727,45.0,138.0
CL108101048,-10.463867,1.8175220489501953,66.80140686035156,138.0
CL108101048,-5.6347656,1.432096242904663,90.0,136.0
CL108101048,-2.0527344,0.754894495010376,161.56504821777344,136.0
CL108101048,6.9472656,1.2171181440353394,258.6900634765625,140.0
CL108101048,10.947266,0.3376147150993347,135.0,141.0
CL108101048,11.947266,1.9678637981414795,75.96375274658203,140.0
CL108101048,12.947266,1.721006155014038,56.309932708740234,139.0
CL108101048,12.947266,1.350224494934082,45.0,138.0
CL108101048,12.947266,0.9548412561416626,0.0,137.0
CL108101048,4.9472656,1.350224494934082,315.0,138.0
CL108101048,-5.803711,0.754894495010376,18.434947967529297,139.0
CL108101048,-3.5356445,1.9678637981414795,75.96375274658203,138.0
CL108101048,6.3828125,1.8175220489501953,66.80140686035156,137.0
CL108101048,3.1655273,1.0127503871917725,45.0,136.0
CL108101048,0.9472656,2.385944128036499,180.0,140.0
CL108101048,7.9472656,1.8175220489501953,156.80140686035156,140.0
CL108101048,12.947266,0.4774537682533264,90.0,139.0
CL108101048,12.947266,1.6876049041748047,8.130102157592773,139.0
CL108101048,11.947266,2.385944128036499,0.0,139.0
CL108101048,6.0126953,1.9678637981414795,345.9637451171875,139.0
CL108101048,-1.4770508,1.350224494934082,45.0,139.0
CL108101048,3.9360352,2.1607890129089355,83.65980529785156,138.0
CL108101048,12.763672,1.2171181440353394,78.69007110595703,137.0
CL108101048,0.5385742,1.0127503871917725,45.0,137.0
CL108101048,-5.012207,2.719923257827759,195.25511169433594,138.0
CL108101048,3.9472656,1.721006155014038,236.3099365234375,139.0
CL108101048,9.947266,1.721006155014038,303.6900634765625,140.0
CL108101048,10.01123,2.433138847351074,348.6900634765625,140.0
CL108101048,6.8129883,2.433138847351074,11.309932708740234,140.0
CL108101048,6.9941406,2.456394672393799,60.945396423339844,140.0
CL108101048,11.848145,2.635026454925537,84.80557250976562,138.0
CL108101048,7.5961914,0.9548412561416626,90.0,137.0
CL108101048,-2.4448242,0.4774537682533264,90.0,137.0
CL108101048,-9.379395,2.719923257827759,254.74488830566406,138.0
CL108101048,1.2358398,2.862405300140381,270.0,140.0
CL108101048,7.114746,1.721006155014038,303.6900634765625,142.0
CL108101048,15.477051,1.6876049041748047,45.0,142.0
CL108101048,19.30957,3.372286796569824,81.8698959350586,140.0
CL108101048,8.94043,2.635026454925537,84.80557250976562,138.0
CL108101048,5.604004,1.2171181440353394,78.69007110595703,137.0
CL108101048,-4.2661133,1.39176344871521,120.96375274658203,137.0
CL108101048,-5.086914,3.199601411819458,243.43495178222656,140.0
CL108101048,9.791504,2.719923257827759,232.12501525878906,141.0
CL108101048,24.947266,1.350224494934082,135.0,142.0
CL108101048,18.062988,3.109632968902588,85.6012954711914,140.0
CL108101048,8.443359,2.385944128036499,53.130104064941406,138.0
CL108101048,4.9052734,2.385944128036499,53.130104064941406,138.0
CL108101048,6.9472656,3.7086167335510254,225.0,140.0
CL108101048,14.60498,1.6876049041748047,188.13009643554688,141.0
CL108101048,15.455566,1.432096242904663,90.0,140.0
CL108101048,4.507324,1.6876049041748047,45.0,140.0
CL108101048,-9.365723,2.781886339187622,59.0362434387207,139.0
CL108101048,-9.641602,3.109632968902588,237.52880859375,138.0
CL108101048,2.2490234,2.0248682498931885,225.0,140.0
CL108101048,12.157227,0.4774537682533264,180.0,140.0
CL108101048,-7.151367,0.9548412561416626,90.0,140.0
CL108101048,-18.229004,2.1607890129089355,83.65980529785156,139.0
CL108101048,-1.9438477,2.0527751445770264,234.4623260498047,139.0
CL108101048,9.288086,1.39176344871521,210.96376037597656,140.0
CL108101048,-10.759766,1.0127503871917725,135.0,140.0
CL108101048,-16.017578,1.432096242904663,90.0,139.0
CL108101048,-2.3041992,1.2171181440353394,258.6900634765625,138.0
CL108101048,0.11425781,1.0127503871917725,225.0,139.0
CL108101048,-3.8652344,0.754894495010376,161.56504821777344,139.0
CL108101048,-5.762207,0.4774537682533264,90.0,139.0
CL108101048,-8.606445,1.0127503871917725,315.0,139.0
CL108101048,-13.454102,0.9548412561416626,0.0,140.0
CL108101048,-12.519531,1.8175220489501953,336.8014221191406,139.0
CL108101048,-1.3320312,0.9548412561416626,0.0,139.0
CL108101048,-3.7753906,0.3376147150993347,45.0,139.0
CL108101048,-11.94043,0.0,270.0,139.0
CL108101048,-11.657715,0.754894495010376,251.56504821777344,139.0
CL108101048,-10.470703,0.4774537682533264,180.0,140.0
CL108101048,-8.322266,1.067520260810852,116.56504821777344,139.0
CL108101048,-0.1459961,1.067520260810852,116.56504821777344,139.0
CL108101048,0.8540039,1.432096242904663,90.0,138.0
CL108101048,-2.6738281,0.4774537682533264,0.0,137.0
CL108101048,-5.2338867,0.754894495010376,251.56504821777344,138.0
CL108101048,-7.246582,1.39176344871521,149.03623962402344,138.0
CL108101048,-6.835449,2.0527751445770264,125.53768157958984,137.0
CL108101048,-7.8095703,1.8175220489501953,113.19859313964844,136.0
CL108101048,2.0893555,0.3376147150993347,135.0,135.0
CL108101048,7.635254,1.432096242904663,270.0,136.0
CL108101048,-5.0527344,1.6876049041748047,278.1300964355469,137.0
CL108101048,-12.5859375,1.5095269680023193,288.4349365234375,138.0
CL108101048,-7.5820312,1.5095269680023193,288.4349365234375,138.0
CL108101048,-16.052734,1.067520260810852,333.4349365234375,139.0
CL108101048,-10.62207,0.754894495010376,71.56504821777344,140.0
CL108101048,-6.927246,0.754894495010376,108.43495178222656,139.0
CL108101048,-13.92334,0.4774537682533264,180.0,139.0
CL108101048,-12.447266,0.754894495010376,251.56504821777344,139.0
CL108101048,-7.3129883,0.3376147150993347,315.0,139.0
CL108101048,-3.4404297,1.067520260810852,63.4349479675293,139.0
CL108101048,4.2963867,1.067520260810852,63.4349479675293,138.0
CL108101048,0.049804688,1.0127503871917725,45.0,138.0
CL108101048,1.347168,0.754894495010376,18.434947967529297,138.0
CL108101048,-4.3686523,0.4774537682533264,90.0,138.0
CL108101048,-3.1430664,1.067520260810852,116.56504821777344,137.0
CL108101048,-6.415039,0.9548412561416626,90.0,137.0
CL108101048,-4.6503906,1.350224494934082,45.0,136.0
CL108101048,2.9086914,1.432096242904663,0.0,136.0
CL108101048,7.2871094,1.6876049041748047,315.0,136.0
CL108101048,-4.5825195,2.1342999935150146,296.5650634765625,137.0
CL108101048,-8.875977,2.0527751445770264,305.5376892089844,138.0
CL108101048,-4.0527344,2.0248682498931885,315.0,139.0
CL108101048,-15.052734,1.39176344871521,329.0362548828125,140.0
CL108101048,-25.781738,1.2171181440353394,11.309932708740234,140.0
CL108101048,-25.197754,1.8175220489501953,23.198591232299805,140.0
CL108101048,-22.052734,2.3619914054870605,45.0,139.0
CL108101048,-32.052734,1.721006155014038,56.309932708740234,138.0
CL108101048,-12.819336,1.067520260810852,63.4349479675293,139.0
CL108101048,-16.15918,0.3376147150993347,45.0,138.0
CL108101048,-13.331055,1.2171181440353394,281.3099365234375,139.0
CL108101048,-4.4038086,1.350224494934082,315.0,140.0
CL108101048,6.651367,1.8175220489501953,23.198591232299805,140.0
CL108101048,9.228516,2.0527751445770264,35.53767776489258,139.0
CL108101048,5.6870117,1.350224494934082,45.0,139.0
CL108101048,1.9472656,0.754894495010376,71.56504821777344,138.0
CL108101048,-2.8955078,0.754894495010376,71.56504821777344,138.0
CL108101048,-1.1669922,1.0127503871917725,45.0,137.0
CL108101048,-5.1523438,1.067520260810852,26.565052032470703,137.0
CL108101048,-0.103027344,1.067520260810852,26.565052032470703,137.0
CL108101048,4.873047,1.2171181440353394,348.6900634765625,137.0
CL108101048,6.5859375,2.0527751445770264,324.4623107910156,137.0
CL108101048,-3.5297852,2.698951005935669,315.0,138.0
CL108101048,-1.6826172,2.3619914054870605,315.0,139.0
CL108101048,-0.052734375,1.6876049041748047,315.0,140.0
CL108101048,-11.052734,0.754894495010376,341.5650634765625,140.0
CL108101048,-25.56543,0.4774537682533264,90.0,140.0
CL108101048,-27.841797,0.6752060055732727,135.0,140.0
CL108101048,-21.052734,1.432096242904663,90.0,140.0
CL108101048,-32.052734,1.721006155014038,56.309932708740234,138.0
CL108101048,-39.56299,1.39176344871521,329.0362548828125,138.0
CL108101048,-20.251953,1.0127503871917725,315.0,139.0
CL108101048,-7.6782227,1.432096242904663,270.0,140.0
CL108101048,7.446289,0.4774537682533264,90.0,141.0
CL108101048,10.75,1.6876049041748047,98.1301040649414,140.0
CL108101048,7.123535,1.5095269680023193,108.43495178222656,139.0
CL108101048,2.1835938,0.4774537682533264,90.0,138.0
CL108101048,-1.3544922,0.9548412561416626,0.0,138.0
CL108101048,2.9472656,1.5095269680023193,18.434947967529297,138.0
CL108101048,-0.2939453,1.39176344871521,30.963756561279297,138.0
CL108101048,6.498535,1.0127503871917725,45.0,137.0
CL108101048,5.2768555,0.6752060055732727,315.0,137.0
CL108101048,5.9350586,2.1342999935150146,296.5650634765625,138.0
CL108101048,-3.8764648,2.385944128036499,306.8699035644531,139.0
CL108101048,-2.3911133,1.350224494934082,315.0,140.0
CL108101048,0.9472656,0.754894495010376,288.4349365234375,140.0
CL108101048,-9.052734,0.0,270.0,141.0
CL108101048,-21.052734,0.9548412561416626,90.0,140.0
CL108101048,-25.289062,0.4774537682533264,90.0,139.0
CL108101048,-17.975586,0.6752060055732727,45.0,139.0
CL108101048,-27.052734,1.39176344871521,30.963756561279297,139.0
CL108101048,-40.052734,0.9548412561416626,0.0,139.0
CL108101048,-24.023926,1.0127503871917725,45.0,139.0
CL108101048,-11.87207,1.067520260810852,243.43495178222656,140.0
CL108101048,-0.67285156,1.067520260810852,153.43495178222656,140.0
CL108101048,4.8256836,2.1342999935150146,116.56504821777344,139.0
CL108101048,3.059082,1.067520260810852,116.56504821777344,138.0
CL108101048,2.0942383,0.6752060055732727,315.0,138.0
CL108101048,0.5332031,1.39176344871521,329.0362548828125,139.0
CL108101048,6.9711914,1.5095269680023193,18.434947967529297,139.0
CL108101048,0.52734375,1.6876049041748047,45.0,138.0
CL108101048,5.6918945,1.39176344871521,59.0362434387207,138.0
CL108101048,2.4980469,0.3376147150993347,315.0,137.0
CL108101048,2.9472656,2.635026454925537,275.1944274902344,138.0
CL108101048,-7.0527344,1.9678637981414795,284.0362548828125,140.0
CL108101048,-8.836914,0.0,270.0,140.0
CL108101048,-2.0527344,0.754894495010376,198.43495178222656,140.0
CL108101048,-11.052734,0.754894495010376,198.43495178222656,140.0
CL108101048,-20.052734,0.4774537682533264,90.0,140.0
CL108101048,-25.221191,0.754894495010376,18.434947967529297,140.0
CL108101048,-20.966309,0.754894495010376,18.434947967529297,140.0
CL108101048,-24.052734,0.754894495010376,71.56504821777344,140.0
CL108101048,-37.052734,0.4774537682533264,90.0,139.0
CL108101048,-21.583984,0.6752060055732727,225.0,139.0
CL108101048,-15.515625,0.0,270.0,140.0
CL108101048,-9.958496,1.721006155014038,56.309932708740234,139.0
CL108101048,-4.9814453,1.5095269680023193,18.434947967529297,138.0
CL108101048,-0.49658203,1.067520260810852,333.4349365234375,139.0
CL108101048,-1.2827148,0.754894495010376,288.4349365234375,139.0
CL108101048,3.0703125,0.4774537682533264,90.0,140.0
CL108101048,-4.492676,1.432096242904663,90.0,139.0
CL108101048,-0.17382812,1.432096242904663,90.0,138.0
CL108101048,-3.4580078,0.0,270.0,137.0
CL108101048,-1.2890625,2.862405300140381,270.0,138.0
CL108101048,-10.052734,1.9091523885726929,270.0,140.0
CL108101048,-13.145508,0.754894495010376,108.43495178222656,140.0
CL108101048,-7.682617,0.754894495010376,161.56504821777344,139.0
CL108101048,-14.052734,1.0127503871917725,225.0,140.0
CL108101048,-24.052734,0.4774537682533264,270.0,140.0
CL108101048,-31.597168,0.754894495010376,341.5650634765625,140.0
CL108101048,-30.906738,1.0127503871917725,45.0,140.0
CL108101048,-24.052734,1.2171181440353394,78.69007110595703,139.0
CL108101048,-23.458984,1.9091523885726929,0.0,140.0
CL108101048,-12.042969,2.9018216133117676,9.462322235107422,140.0
CL108101048,-4.819824,2.1342999935150146,26.565052032470703,139.0
CL108101048,-4.6523438,0.4774537682533264,90.0,139.0
CL108101048,-3.0424805,1.39176344871521,149.03623962402344,139.0
CL108101048,-10.941406,1.350224494934082,135.0,138.0
CL108101048,-8.404297,0.9548412561416626,90.0,138.0
CL108101048,-10.274414,0.754894495010376,341.5650634765625,137.0
CL108101048,-6.0493164,2.433138847351074,281.3099365234375,138.0
CL108101048,-13.052734,1.6876049041748047,261.8699035644531,140.0
CL108101048,-19.35205,0.754894495010376,108.43495178222656,140.0
CL108101048,-15.19043,0.754894495010376,108.43495178222656,139.0
CL108101048,-18.052734,1.067520260810852,243.43495178222656,139.0
CL108101048,-28.052734,1.432096242904663,270.0,140.0
CL108101048,-11.813965,2.2636361122131348,71.56504821777344,139.0
CL108101048,-8.944336,1.2171181440353394,101.30992889404297,138.0
CL108101048,-15.70459,0.3376147150993347,135.0,138.0
CL108101048,-13.867676,0.4774537682533264,0.0,138.0
CL108101048,-15.192871,1.39176344871521,329.0362548828125,138.0
CL108101048,-11.908691,1.39176344871521,300.9637451171875,139.0
CL108116003,-3.1542969,-9999.0,-9999.0,3.3999999521443642e+38
CL108116003,-11.776855,-9999.0,-9999.0,3.3999999521443642e+38
CL108116003,-7.8305664,-9999.0,-9999.0,3.3999999521443642e+38
CL108116003,-8.09668,-9999.0,-9999.0,3.3999999521443642e+38
CL108116003,-5.1782227,-9999.0,-9999.0,3.3999999521443642e+38
CL108116003,-3.3676758,-9999.0,-9999.0,3.3999999521443642e+38
CL108116003,-8.195801,-9999.0,-9999.0,3.3999999521443642e+38
CL108116003,-5.9101562,-9999.0,-9999.0,3.3999999521443642e+38
CL108116003,-11.321289,-9999.0,-9999.0,3.3999999521443642e+38
CL108116003,-4.190918,-9999.0,-9999.0,3.3999999521443642e+38
CL108116003,-4.661133,-9999.0,-9999.0,3.3999999521443642e+38
CL108116003,-6.791504,-9999.0,-9999.0,3.3999999521443642e+38
CL108116003,-18.269043,-9999.0,-9999.0,3.3999999521443642e+38
CL108116003,-18.766113,-9999.0,-9999.0,3.3999999521443642e+38
CL108116003,-11.75293,-9999.0,-9999.0,3.3999999521443642e+38
CL108116003,-14.957031,-9999.0,-9999.0,3.3999999521443642e+38
CL108116003,-5.6723633,-9999.0,-9999.0,3.3999999521443642e+38
CL108116003,-4.282715,-9999.0,-9999.0,3.3999999521443642e+38
CL108116003,-7.9174805,-9999.0,-9999.0,3.3999999521443642e+38
CL108116003,-12.861816,-9999.0,-9999.0,3.3999999521443642e+38
CL108116003,-14.136719,-9999.0,-9999.0,3.3999999521443642e+38
CL108116003,-14.146484,-9999.0,-9999.0,3.3999999521443642e+38
CL108116003,-7.474121,-9999.0,-9999.0,3.3999999521443642e+38
CL108116003,-10.640625,-9999.0,-9999.0,3.3999999521443642e+38
CL108116003,-16.818848,-9999.0,-9999.0,3.3999999521443642e+38
CL108116003,-22.973145,-9999.0,-9999.0,3.3999999521443642e+38
CL108116003,-13.068848,-9999.0,-9999.0,3.3999999521443642e+38
CL108116003,-22.752441,-9999.0,-9999.0,3.3999999521443642e+38
CL108116003,-20.016113,-9999.0,-9999.0,3.3999999521443642e+38
CL108116002,-2.4677734,-9999.0,-9999.0,3.3999999521443642e+38
CL108116002,-5.6401367,-9999.0,-9999.0,3.3999999521443642e+38
CL108116002,-11.21582,-9999.0,-9999.0,3.3999999521443642e+38
CL108116002,-9.126465,-9999.0,-9999.0,3.3999999521443642e+38
CL108116002,-11.044922,-9999.0,-9999.0,3.3999999521443642e+38
CL108116002,-10.283203,-9999.0,-9999.0,3.3999999521443642e+38
CL108116002,-8.086914,-9999.0,-9999.0,3.3999999521443642e+38
CL108116002,-6.0527344,-9999.0,-9999.0,3.3999999521443642e+38
CL108116002,-3.5761719,-9999.0,-9999.0,3.3999999521443642e+38
CL108116002,-18.07666,-9999.0,-9999.0,3.3999999521443642e+38
CL108116002,-18.580078,-9999.0,-9999.0,3.3999999521443642e+38
CL108116002,-12.518066,-9999.0,-9999.0,3.3999999521443642e+38
CL108116002,-5.1030273,-9999.0,-9999.0,3.3999999521443642e+38
CL108116002,-19.94336,-9999.0,-9999.0,3.3999999521443642e+38
CL108116002,-21.291504,-9999.0,-9999.0,3.3999999521443642e+38
CL108116001,41.296387,-9999.0,-9999.0,3.3999999521443642e+38
CL108116001,32.733887,-9999.0,-9999.0,3.3999999521443642e+38
CL108116001,7.7539062,-9999.0,-9999.0,3.3999999521443642e+38
CL108116001,-16.052734,-9999.0,-9999.0,3.3999999521443642e+38
CL108116001,37.753418,-9999.0,-9999.0,3.3999999521443642e+38
CL108116001,20.163086,-9999.0,-9999.0,3.3999999521443642e+38
CL108116001,0.9472656,-9999.0,-9999.0,3.3999999521443642e+38
CL108116001,-12.052734,-9999.0,-9999.0,3.3999999521443642e+38
CL108116001,-19.122559,-9999.0,-9999.0,3.3999999521443642e+38
CL108116001,30.073242,-9999.0,-9999.0,3.3999999521443642e+38
CL108116001,8.248535,-9999.0,-9999.0,3.3999999521443642e+38
CL108116001,-1.0527344,-9999.0,-9999.0,3.3999999521443642e+38
CL108116001,-10.052734,-9999.0,-9999.0,3.3999999521443642e+38
CL108116001,-16.716797,-9999.0,-9999.0,3.3999999521443642e+38
CL108116001,3.9472656,-9999.0,-9999.0,3.3999999521443642e+38
CL108116001,-2.0527344,-9999.0,-9999.0,3.3999999521443642e+38
CL108116001,-9.273926,-9999.0,-9999.0,3.3999999521443642e+38
CL108116001,-19.947754,-9999.0,-9999.0,3.3999999521443642e+38
CL108116001,-1.0527344,-9999.0,-9999.0,3.3999999521443642e+38
CL108116001,-1.0527344,-9999.0,-9999.0,3.3999999521443642e+38
CL108116001,-9.839844,-9999.0,-9999.0,3.3999999521443642e+38
CL108116001,-1.3491211,-9999.0,-9999.0,3.3999999521443642e+38
CL108116001,-4.230957,-9999.0,-9999.0,3.3999999521443642e+38
CL108116005,-4.9091797,-9999.0,-9999.0,3.3999999521443642e+38
CL108116005,-1.6455078,-9999.0,-9999.0,3.3999999521443642e+38
CL108116005,-1.5151367,-9999.0,-9999.0,3.3999999521443642e+38
CL108116005,-3.3603516,-9999.0,-9999.0,3.3999999521443642e+38
CL108116005,-4.0786133,-9999.0,-9999.0,3.3999999521443642e+38
CL108116005,-8.797852,-9999.0,-9999.0,3.3999999521443642e+38
CL108116005,-15.512207,-9999.0,-9999.0,3.3999999521443642e+38
CL108116005,-8.138672,-9999.0,-9999.0,3.3999999521443642e+38
CL108116005,-8.911133,-9999.0,-9999.0,3.3999999521443642e+38
CL108116005,-14.963379,-9999.0,-9999.0,3.3999999521443642e+38
CL108116005,-18.645508,-9999.0,-9999.0,3.3999999521443642e+38
CL108116005,-8.90625,-9999.0,-9999.0,3.3999999521443642e+38
CL108116005,-11.898926,-9999.0,-9999.0,3.3999999521443642e+38
CL108116005,-16.917969,-9999.0,-9999.0,3.3999999521443642e+38
CL108116005,-14.832031,-9999.0,-9999.0,3.3999999521443642e+38
CL108116005,-23.964844,-9999.0,-9999.0,3.3999999521443642e+38
CL108116006,-6.40625,-9999.0,-9999.0,3.3999999521443642e+38
CL108116006,-3.692871,-9999.0,-9999.0,3.3999999521443642e+38
CL108116006,1.5805664,-9999.0,-9999.0,3.3999999521443642e+38
CL108116006,1.449707,-9999.0,-9999.0,3.3999999521443642e+38
CL108116006,2.1083984,-9999.0,-9999.0,3.3999999521443642e+38
CL108116006,-6.2402344,-9999.0,-9999.0,3.3999999521443642e+38
CL108116006,-8.050781,-9999.0,-9999.0,3.3999999521443642e+38
CL108116006,-15.595215,-9999.0,-9999.0,3.3999999521443642e+38
CL108116006,-14.274902,-9999.0,-9999.0,3.3999999521443642e+38
CL108116006,-1.9746094,-9999.0,-9999.0,3.3999999521443642e+38
CL108116006,0.012207031,-9999.0,-9999.0,3.3999999521443642e+38
CL108116006,-5.958496,-9999.0,-9999.0,3.3999999521443642e+38
CL108116006,-3.7514648,-9999.0,-9999.0,3.3999999521443642e+38
CL108116006,-4.355957,-9999.0,-9999.0,3.3999999521443642e+38
CL108116006,-12.467285,-9999.0,-9999.0,3.3999999521443642e+38
CL108116006,-17.560547,-9999.0,-9999.0,3.3999999521443642e+38
CL108116006,-27.541504,-9999.0,-9999.0,3.3999999521443642e+38
CL108116006,0.25683594,-9999.0,-9999.0,3.3999999521443642e+38
CL108116006,-9.139648,-9999.0,-9999.0,3.3999999521443642e+38
CL108116006,-8.739258,-9999.0,-9999.0,3.3999999521443642e+38
CL108116006,-18.833008,-9999.0,-9999.0,3.3999999521443642e+38
CL108116006,-14.4140625,-9999.0,-9999.0,3.3999999521443642e+38
CL108116006,-18.74121,-9999.0,-9999.0,3.3999999521443642e+38
CL108116006,-25.761719,-9999.0,-9999.0,3.3999999521443642e+38
CL108116004,-8.249512,-9999.0,-9999.0,3.3999999521443642e+38
CL108116004,-14.754395,-9999.0,-9999.0,3.3999999521443642e+38
CL108116004,-13.628418,-9999.0,-9999.0,3.3999999521443642e+38
CL108116004,-18.595215,-9999.0,-9999.0,3.3999999521443642e+38
CL108116004,-22.76709,-9999.0,-9999.0,3.3999999521443642e+38
CL108116004,-22.625,-9999.0,-9999.0,3.3999999521443642e+38
CL108116004,-15.987305,-9999.0,-9999.0,3.3999999521443642e+38
CL108116004,-4.583496,-9999.0,-9999.0,3.3999999521443642e+38
CL108116004,-11.107422,-9999.0,-9999.0,3.3999999521443642e+38
CL108116004,-12.736328,-9999.0,-9999.0,3.3999999521443642e+38
CL108116004,-13.342773,-9999.0,-9999.0,3.3999999521443642e+38
CL108116004,-9.719727,-9999.0,-9999.0,3.3999999521443642e+38
CL108116004,-3.8549805,-9999.0,-9999.0,3.3999999521443642e+38
CL108116004,-4.5600586,-9999.0,-9999.0,3.3999999521443642e+38
CL108116004,-4.783203,-9999.0,-9999.0,3.3999999521443642e+38
CL108116004,-2.8325195,-9999.0,-9999.0,3.3999999521443642e+38
CL108116004,-4.378418,-9999.0,-9999.0,3.3999999521443642e+38
CL108116004,-2.1103516,-9999.0,-9999.0,3.3999999521443642e+38
CL108116004,2.7993164,-9999.0,-9999.0,3.3999999521443642e+38
CL108116004,2.1088867,-9999.0,-9999.0,3.3999999521443642e+38
CL108116004,-0.28857422,-9999.0,-9999.0,3.3999999521443642e+38
CL108116004,-0.6713867,-9999.0,-9999.0,3.3999999521443642e+38
CL108116004,0.35205078,-9999.0,-9999.0,3.3999999521443642e+38
CL108116004,-2.7631836,-9999.0,-9999.0,3.3999999521443642e+38
CL108116004,-6.303711,-9999.0,-9999.0,3.3999999521443642e+38
CL108116004,-8.584473,-9999.0,-9999.0,3.3999999521443642e+38
CL108116004,-7.963379,-9999.0,-9999.0,3.3999999521443642e+38
CL108116004,-0.38330078,-9999.0,-9999.0,3.3999999521443642e+38
CL108116004,5.620117,-9999.0,-9999.0,3.3999999521443642e+38
CL108116004,3.8979492,-9999.0,-9999.0,3.3999999521443642e+38
CL108116004,1.0756836,-9999.0,-9999.0,3.3999999521443642e+38
CL108116004,5.836914,-9999.0,-9999.0,3.3999999521443642e+38
CL108116004,1.2587891,-9999.0,-9999.0,3.3999999521443642e+38
CL108116004,0.7578125,-9999.0,-9999.0,3.3999999521443642e+38
CL108116004,1.4140625,-9999.0,-9999.0,3.3999999521443642e+38
CL108116004,-1.3413086,-9999.0,-9999.0,3.3999999521443642e+38
CL108116004,-10.128906,-9999.0,-9999.0,3.3999999521443642e+38
CL108116004,-17.787598,-9999.0,-9999.0,3.3999999521443642e+38
CL108116004,-20.526367,-9999.0,-9999.0,3.3999999521443642e+38
CL108116004,-20.746094,-9999.0,-9999.0,3.3999999521443642e+38
CL108116004,-15.211914,-9999.0,-9999.0,3.3999999521443642e+38
CL108116004,-6.3286133,-9999.0,-9999.0,3.3999999521443642e+38
CL108116004,-1.3208008,-9999.0,-9999.0,3.3999999521443642e+38
CL108116004,2.9472656,-9999.0,-9999.0,3.3999999521443642e+38
CL108116004,-2.3217773,-9999.0,-9999.0,3.3999999521443642e+38
CL108116004,0.5991211,-9999.0,-9999.0,3.3999999521443642e+38
CL108116004,4.449707,-9999.0,-9999.0,3.3999999521443642e+38
CL108116004,6.3916016,-9999.0,-9999.0,3.3999999521443642e+38
CL108116004,4.279785,-9999.0,-9999.0,3.3999999521443642e+38
CL108116004,4.3896484,-9999.0,-9999.0,3.3999999521443642e+38
CL108116004,5.379883,-9999.0,-9999.0,3.3999999521443642e+38
CL108116004,-1.9902344,-9999.0,-9999.0,3.3999999521443642e+38
CL108116004,-7.942871,-9999.0,-9999.0,3.3999999521443642e+38
CL108116004,-11.456055,-9999.0,-9999.0,3.3999999521443642e+38
CL108116004,-14.934082,-9999.0,-9999.0,3.3999999521443642e+38
CL108116004,-19.663574,-9999.0,-9999.0,3.3999999521443642e+38
CL108116004,-23.927246,-9999.0,-9999.0,3.3999999521443642e+38
CL108116004,-30.1792,-9999.0,-9999.0,3.3999999521443642e+38
CL108116004,-27.1792,-9999.0,-9999.0,3.3999999521443642e+38
CL108116004,-16.896973,-9999.0,-9999.0,3.3999999521443642e+38
CL108116004,-12.611328,-9999.0,-9999.0,3.3999999521443642e+38
CL108116004,-8.758301,-9999.0,-9999.0,3.3999999521443642e+38
CL108116004,-2.9472656,-9999.0,-9999.0,3.3999999521443642e+38
CL108116004,1.3110352,-9999.0,-9999.0,3.3999999521443642e+38
CL108116004,-6.132324,-9999.0,-9999.0,3.3999999521443642e+38
CL108116004,-4.109375,-9999.0,-9999.0,3.3999999521443642e+38
CL108116004,0.9472656,-9999.0,-9999.0,3.3999999521443642e+38
CL108116004,5.7265625,-9999.0,-9999.0,3.3999999521443642e+38
CL108116004,6.7504883,-9999.0,-9999.0,3.3999999521443642e+38
CL108116004,-3.1445312,-9999.0,-9999.0,3.3999999521443642e+38
CL108116004,-9.971191,-9999.0,-9999.0,3.3999999521443642e+38
CL108116004,-7.73584,-9999.0,-9999.0,3.3999999521443642e+38
CL108116004,-4.7353516,-9999.0,-9999.0,3.3999999521443642e+38
CL108116004,-6.2963867,-9999.0,-9999.0,3.3999999521443642e+38
CL108116004,-11.97168,-9999.0,-9999.0,3.3999999521443642e+38
CL108116004,-18.62793,-9999.0,-9999.0,3.3999999521443642e+38
CL108116004,-28.510254,-9999.0,-9999.0,3.3999999521443642e+38
CL108116004,-28.877441,-9999.0,-9999.0,3.3999999521443642e+38
CL108116004,-17.49121,-9999.0,-9999.0,3.3999999521443642e+38
CL108116004,-11.537598,-9999.0,-9999.0,3.3999999521443642e+38
CL108116004,-13.25,-9999.0,-9999.0,3.3999999521443642e+38
CL108116004,-5.3623047,-9999.0,-9999.0,3.3999999521443642e+38
CL108116004,-9.75293,-9999.0,-9999.0,3.3999999521443642e+38
CL108116004,-6.813965,-9999.0,-9999.0,3.3999999521443642e+38
CL108116004,-1.0527344,-9999.0,-9999.0,3.3999999521443642e+38
CL108116004,0.3618164,-9999.0,-9999.0,3.3999999521443642e+38
CL108116004,-2.9956055,-9999.0,-9999.0,3.3999999521443642e+38
CL108116004,-4.741211,-9999.0,-9999.0,3.3999999521443642e+38
CL108116004,-2.2592773,-9999.0,-9999.0,3.3999999521443642e+38
CL108116004,0.19921875,-9999.0,-9999.0,3.3999999521443642e+38
CL108116004,-6.0375977,-9999.0,-9999.0,3.3999999521443642e+38
CL108116004,-15.363281,-9999.0,-9999.0,3.3999999521443642e+38
CL108116004,-12.366211,-9999.0,-9999.0,3.3999999521443642e+38
CL108116004,-6.352539,-9999.0,-9999.0,3.3999999521443642e+38
CL108116004,-3.6572266,-9999.0,-9999.0,3.3999999521443642e+38
CL108116004,-7.5620117,-9999.0,-9999.0,3.3999999521443642e+38
CL108116004,-8.941406,-9999.0,-9999.0,3.3999999521443642e+38
CL108116004,-20.47998,-9999.0,-9999.0,3.3999999521443642e+38
CL108116004,-20.524902,-9999.0,-9999.0,3.3999999521443642e+38
CL108116004,-14.531738,-9999.0,-9999.0,3.3999999521443642e+38
CL108116004,-10.550781,-9999.0,-9999.0,3.3999999521443642e+38
CL108116004,-13.212891,-9999.0,-9999.0,3.3999999521443642e+38
CL108116004,-12.495605,-9999.0,-9999.0,3.3999999521443642e+38
CL108116004,-1.7905273,-9999.0,-9999.0,3.3999999521443642e+38
CL108116004,-7.774414,-9999.0,-9999.0,3.3999999521443642e+38
CL108116004,-16.066895,-9999.0,-9999.0,3.3999999521443642e+38
CL108116004,-16.962402,-9999.0,-9999.0,3.3999999521443642e+38
CL108116004,-13.6171875,-9999.0,-9999.0,3.3999999521443642e+38
CL108116004,-8.769531,-9999.0,-9999.0,3.3999999521443642e+38
CL108116004,-8.328125,-9999.0,-9999.0,3.3999999521443642e+38
CL108116004,-6.039551,-9999.0,-9999.0,3.3999999521443642e+38
CL108116004,-4.805664,-9999.0,-9999.0,3.3999999521443642e+38
CL108116004,-11.3046875,-9999.0,-9999.0,3.3999999521443642e+38
CL108116004,-15.807617,-9999.0,-9999.0,3.3999999521443642e+38
CL108116004,-19.610352,-9999.0,-9999.0,3.3999999521443642e+38
CL108116004,-14.330566,-9999.0,-9999.0,3.3999999521443642e+38
CL108116004,-10.018066,-9999.0,-9999.0,3.3999999521443642e+38
CL108116004,-10.44873,-9999.0,-9999.0,3.3999999521443642e+38
CL108116004,-14.418457,-9999.0,-9999.0,3.3999999521443642e+38
CL108116004,-15.727539,-9999.0,-9999.0,3.3999999521443642e+38
CL108116004,-16.11084,-9999.0,-9999.0,3.3999999521443642e+38
CL108116004,-14.075684,-9999.0,-9999.0,3.3999999521443642e+38
CL108116004,-20.248047,-9999.0,-9999.0,3.3999999521443642e+38
CL108116004,-14.613281,-9999.0,-9999.0,3.3999999521443642e+38
CL108116004,-13.27002,-9999.0,-9999.0,3.3999999521443642e+38
CL108116004,-12.103516,-9999.0,-9999.0,3.3999999521443642e+38
CL108116004,-16.07666,-9999.0,-9999.0,3.3999999521443642e+38
CL108116004,-15.110352,-9999.0,-9999.0,3.3999999521443642e+38
CL108116004,1.453125,-9999.0,-9999.0,3.3999999521443642e+38
CL108116004,7.3881836,-9999.0,-9999.0,3.3999999521443642e+38
CL108116004,6.677246,-9999.0,-9999.0,3.3999999521443642e+38
CL108116004,-3.8139648,-9999.0,-9999.0,3.3999999521443642e+38
CL108116004,-11.842773,-9999.0,-9999.0,3.3999999521443642e+38
CL108116004,-9.029297,-9999.0,-9999.0,3.3999999521443642e+38
CL108116004,-12.462891,-9999.0,-9999.0,3.3999999521443642e+38
CL108116004,-21.03125,-9999.0,-9999.0,3.3999999521443642e+38
CL108116004,-20.124023,-9999.0,-9999.0,3.3999999521443642e+38
CL108116004,-23.74707,-9999.0,-9999.0,3.3999999521443642e+38
CL108116004,-27.844727,-9999.0,-9999.0,3.3999999521443642e+38
CL108116004,-23.470215,-9999.0,-9999.0,3.3999999521443642e+38
CL108116004,-14.713379,-9999.0,-9999.0,3.3999999521443642e+38
CL108116004,-12.345215,-9999.0,-9999.0,3.3999999521443642e+38
CL108116004,-6.368164,-9999.0,-9999.0,3.3999999521443642e+38
CL108116004,-7.5961914,-9999.0,-9999.0,3.3999999521443642e+38
CL108116004,-14.1328125,-9999.0,-9999.0,3.3999999521443642e+38
CL108116004,-19.65332,-9999.0,-9999.0,3.3999999521443642e+38
CL108116004,-21.318848,-9999.0,-9999.0,3.3999999521443642e+38
CL108116004,-24.157715,-9999.0,-9999.0,3.3999999521443642e+38
CL108116004,-27.807617,-9999.0,-9999.0,3.3999999521443642e+38
CL108116004,-16.171387,-9999.0,-9999.0,3.3999999521443642e+38
CL108116004,-11.731445,-9999.0,-9999.0,3.3999999521443642e+38
CL108116004,-16.990234,-9999.0,-9999.0,3.3999999521443642e+38
CL108116004,-14.828613,-9999.0,-9999.0,3.3999999521443642e+38
CL108116004,-12.416504,-9999.0,-9999.0,3.3999999521443642e+38
CL108116004,-13.438477,-9999.0,-9999.0,3.3999999521443642e+38
CL108116004,-1.6669922,-9999.0,-9999.0,3.3999999521443642e+38
CL108116004,0.28222656,-9999.0,-9999.0,3.3999999521443642e+38
CL108116004,1.3364258,-9999.0,-9999.0,3.3999999521443642e+38
CL108116004,2.9423828,-9999.0,-9999.0,3.3999999521443642e+38
CL108116004,-6.626953,-9999.0,-9999.0,3.3999999521443642e+38
CL108116004,-10.674316,-9999.0,-9999.0,3.3999999521443642e+38
CL108116004,-12.647949,-9999.0,-9999.0,3.3999999521443642e+38
CL108116004,-16.549316,-9999.0,-9999.0,3.3999999521443642e+38
CL108116004,-21.337402,-9999.0,-9999.0,3.3999999521443642e+38
CL108116004,-19.095703,-9999.0,-9999.0,3.3999999521443642e+38
CL108116004,-18.96289,-9999.0,-9999.0,3.3999999521443642e+38
CL108116004,-20.464355,-9999.0,-9999.0,3.3999999521443642e+38
CL108116004,-18.64795,-9999.0,-9999.0,3.3999999521443642e+38
CL108116004,-12.308105,-9999.0,-9999.0,3.3999999521443642e+38
CL108116004,-6.307129,-9999.0,-9999.0,3.3999999521443642e+38
CL108116004,-10.119629,-9999.0,-9999.0,3.3999999521443642e+38
CL108116004,-13.562988,-9999.0,-9999.0,3.3999999521443642e+38
CL108116004,-21.506348,-9999.0,-9999.0,3.3999999521443642e+38
CL108116004,-28.850098,-9999.0,-9999.0,3.3999999521443642e+38
CL108116004,-29.541992,-9999.0,-9999.0,3.3999999521443642e+38
CL108116004,-28.342285,-9999.0,-9999.0,3.3999999521443642e+38
CL108116004,-9.052734,-9999.0,-9999.0,3.3999999521443642e+38
CL108116004,-2.0527344,-9999.0,-9999.0,3.3999999521443642e+38
CL108116004,-4.8276367,-9999.0,-9999.0,3.3999999521443642e+38
CL108116004,-1.5273438,-9999.0,-9999.0,3.3999999521443642e+38
CL108116004,3.243164,-9999.0,-9999.0,3.3999999521443642e+38
CL108116004,2.1479492,-9999.0,-9999.0,3.3999999521443642e+38
CL108116004,1.6044922,-9999.0,-9999.0,3.3999999521443642e+38
CL108116004,-1.4545898,-9999.0,-9999.0,3.3999999521443642e+38
CL108116004,-10.174805,-9999.0,-9999.0,3.3999999521443642e+38
CL108116004,-14.696289,-9999.0,-9999.0,3.3999999521443642e+38
CL108116004,-15.881348,-9999.0,-9999.0,3.3999999521443642e+38
CL108116004,-20.444824,-9999.0,-9999.0,3.3999999521443642e+38
CL108116004,-16.905762,-9999.0,-9999.0,3.3999999521443642e+38
CL108116004,-11.588867,-9999.0,-9999.0,3.3999999521443642e+38
CL108116004,-8.632324,-9999.0,-9999.0,3.3999999521443642e+38
CL108116004,-5.666504,-9999.0,-9999.0,3.3999999521443642e+38
CL108116004,3.7788086,-9999.0,-9999.0,3.3999999521443642e+38
CL108116004,0.6323242,-9999.0,-9999.0,3.3999999521443642e+38
CL108116004,-10.475586,-9999.0,-9999.0,3.3999999521443642e+38
CL108116004,-17.189453,-9999.0,-9999.0,3.3999999521443642e+38
CL108116004,-17.793945,-9999.0,-9999.0,3.3999999521443642e+38
CL108116004,-19.174316,-9999.0,-9999.0,3.3999999521443642e+38
CL108116004,-20.847168,-9999.0,-9999.0,3.3999999521443642e+38
CL108116004,-18.052734,-9999.0,-9999.0,3.3999999521443642e+38
CL108116004,-2.1357422,-9999.0,-9999.0,3.3999999521443642e+38
CL108116004,1.3276367,-9999.0,-9999.0,3.3999999521443642e+38
CL108116004,2.6235352,-9999.0,-9999.0,3.3999999521443642e+38
CL108116004,-3.3085938,-9999.0,-9999.0,3.3999999521443642e+38
CL108116004,-10.989746,-9999.0,-9999.0,3.3999999521443642e+38
CL108116004,-9.736816,-9999.0,-9999.0,3.3999999521443642e+38
CL108116004,-6.661133,-9999.0,-9999.0,3.3999999521443642e+38
CL108116004,-11.537598,-9999.0,-9999.0,3.3999999521443642e+38
CL108116004,-17.032227,-9999.0,-9999.0,3.3999999521443642e+38
CL108116004,-14.362305,-9999.0,-9999.0,3.3999999521443642e+38
CL108116004,-12.771484,-9999.0,-9999.0,3.3999999521443642e+38
CL108116004,-10.187012,-9999.0,-9999.0,3.3999999521443642e+38
CL108116004,-4.8598633,-9999.0,-9999.0,3.3999999521443642e+38
CL108116004,0.39013672,-9999.0,-9999.0,3.3999999521443642e+38
CL108116004,3.9941406,-9999.0,-9999.0,3.3999999521443642e+38
CL108116004,5.388672,-9999.0,-9999.0,3.3999999521443642e+38
CL108116004,2.8623047,-9999.0,-9999.0,3.3999999521443642e+38
CL108116004,-4.57666,-9999.0,-9999.0,3.3999999521443642e+38
CL108116004,-7.7646484,-9999.0,-9999.0,3.3999999521443642e+38
CL108116004,-6.359375,-9999.0,-9999.0,3.3999999521443642e+38
CL108116004,-10.231445,-9999.0,-9999.0,3.3999999521443642e+38
CL108116004,-16.892578,-9999.0,-9999.0,3.3999999521443642e+38
CL108116004,4.3657227,-9999.0,-9999.0,3.3999999521443642e+38
CL108116004,4.4819336,-9999.0,-9999.0,3.3999999521443642e+38
CL108116004,3.7080078,-9999.0,-9999.0,3.3999999521443642e+38
CL108116004,-0.8828125,-9999.0,-9999.0,3.3999999521443642e+38
CL108116004,-9.288574,-9999.0,-9999.0,3.3999999521443642e+38
CL108116004,-13.199707,-9999.0,-9999.0,3.3999999521443642e+38
CL108116004,-23.071777,-9999.0,-9999.0,3.3999999521443642e+38
CL108116004,-15.130371,-9999.0,-9999.0,3.3999999521443642e+38
CL108116004,-11.563965,-9999.0,-9999.0,3.3999999521443642e+38
CL108116004,-15.842285,-9999.0,-9999.0,3.3999999521443642e+38
CL108116004,-8.158203,-9999.0,-9999.0,3.3999999521443642e+38
CL108116004,-6.4536133,-9999.0,-9999.0,3.3999999521443642e+38
CL108116004,-5.003418,-9999.0,-9999.0,3.3999999521443642e+38
CL108116004,-5.898926,-9999.0,-9999.0,3.3999999521443642e+38
CL108116004,-3.3266602,-9999.0,-9999.0,3.3999999521443642e+38
CL108116004,0.028320312,-9999.0,-9999.0,3.3999999521443642e+38
CL108116004,-0.94970703,-9999.0,-9999.0,3.3999999521443642e+38
CL108116004,-6.0771484,-9999.0,-9999.0,3.3999999521443642e+38
CL108116004,-13.126465,-9999.0,-9999.0,3.3999999521443642e+38
CL108116004,-12.919922,-9999.0,-9999.0,3.3999999521443642e+38
CL108116004,-6.001953,-9999.0,-9999.0,3.3999999521443642e+38
CL108116004,-1.1357422,-9999.0,-9999.0,3.3999999521443642e+38
CL108116004,-1.5400391,-9999.0,-9999.0,3.3999999521443642e+38
CL108116004,-10.330078,-9999.0,-9999.0,3.3999999521443642e+38
CL108116004,-13.359375,-9999.0,-9999.0,3.3999999521443642e+38
CL108116004,2.1186523,-9999.0,-9999.0,3.3999999521443642e+38
CL108116004,4.263672,-9999.0,-9999.0,3.3999999521443642e+38
CL108116004,3.15625,-9999.0,-9999.0,3.3999999521443642e+38
CL108116004,-9.04248,-9999.0,-9999.0,3.3999999521443642e+38
CL108116004,-24.121582,-9999.0,-9999.0,3.3999999521443642e+38
CL108116004,-23.896484,-9999.0,-9999.0,3.3999999521443642e+38
CL108116004,-20.770996,-9999.0,-9999.0,3.3999999521443642e+38
CL108116004,-19.640137,-9999.0,-9999.0,3.3999999521443642e+38
CL108116004,-17.072266,-9999.0,-9999.0,3.3999999521443642e+38
CL108116004,-14.767578,-9999.0,-9999.0,3.3999999521443642e+38
CL108116004,-9.308105,-9999.0,-9999.0,3.3999999521443642e+38
CL108116004,-0.47216797,-9999.0,-9999.0,3.3999999521443642e+38
CL108116004,-3.8266602,-9999.0,-9999.0,3.3999999521443642e+38
CL108116004,-6.105957,-9999.0,-9999.0,3.3999999521443642e+38
CL108116004,-6.1884766,-9999.0,-9999.0,3.3999999521443642e+38
CL108116004,-3.2319336,-9999.0,-9999.0,3.3999999521443642e+38
CL108116004,0.6484375,-9999.0,-9999.0,3.3999999521443642e+38
CL108116004,1.0498047,-9999.0,-9999.0,3.3999999521443642e+38
CL108116004,-7.2246094,-9999.0,-9999.0,3.3999999521443642e+38
CL108116004,-10.687988,-9999.0,-9999.0,3.3999999521443642e+38
CL108116004,-10.436523,-9999.0,-9999.0,3.3999999521443642e+38
CL108116004,-7.595703,-9999.0,-9999.0,3.3999999521443642e+38
CL108116004,-7.3188477,-9999.0,-9999.0,3.3999999521443642e+38
CL108116004,-8.862793,-9999.0,-9999.0,3.3999999521443642e+38
CL108116004,-7.2373047,-9999.0,-9999.0,3.3999999521443642e+38
CL108116004,-6.5126953,-9999.0,-9999.0,3.3999999521443642e+38
CL108116004,-14.379883,-9999.0,-9999.0,3.3999999521443642e+38
CL108116004,-26.6333,-9999.0,-9999.0,3.3999999521443642e+38
CL108116004,-30.17627,-9999.0,-9999.0,3.3999999521443642e+38
CL108116004,0.35986328,-9999.0,-9999.0,3.3999999521443642e+38
CL108116004,-7.184082,-9999.0,-9999.0,3.3999999521443642e+38
CL108116004,-11.381348,-9999.0,-9999.0,3.3999999521443642e+38
CL108116004,-16.999023,-9999.0,-9999.0,3.3999999521443642e+38
CL108116004,-15.935547,-9999.0,-9999.0,3.3999999521443642e+38
CL108116004,-21.432129,-9999.0,-9999.0,3.3999999521443642e+38
CL108116004,-28.888184,-9999.0,-9999.0,3.3999999521443642e+38
CL108116004,-24.817871,-9999.0,-9999.0,3.3999999521443642e+38
CL108116004,-16.056152,-9999.0,-9999.0,3.3999999521443642e+38
CL108116004,-14.553711,-9999.0,-9999.0,3.3999999521443642e+38
CL108116004,-19.168457,-9999.0,-9999.0,3.3999999521443642e+38
CL108116004,-15.03125,-9999.0,-9999.0,3.3999999521443642e+38
CL108116004,-5.2382812,-9999.0,-9999.0,3.3999999521443642e+38
CL108116004,3.3530273,-9999.0,-9999.0,3.3999999521443642e+38
CL108116004,8.609375,-9999.0,-9999.0,3.3999999521443642e+38
CL108116004,5.2216797,-9999.0,-9999.0,3.3999999521443642e+38
CL108116004,-0.26953125,-9999.0,-9999.0,3.3999999521443642e+38
CL108116004,-1.9936523,-9999.0,-9999.0,3.3999999521443642e+38
CL108116004,-5.9555664,-9999.0,-9999.0,3.3999999521443642e+38
CL108116004,-8.551758,-9999.0,-9999.0,3.3999999521443642e+38
CL108116004,-5.8789062,-9999.0,-9999.0,3.3999999521443642e+38
CL108116004,-6.5595703,-9999.0,-9999.0,3.3999999521443642e+38
CL108116004,-8.632324,-9999.0,-9999.0,3.3999999521443642e+38
CL108116004,-11.265137,-9999.0,-9999.0,3.3999999521443642e+38
CL108116004,-13.381348,-9999.0,-9999.0,3.3999999521443642e+38
CL108116004,-13.527832,-9999.0,-9999.0,3.3999999521443642e+38
CL108116004,-12.490234,-9999.0,-9999.0,3.3999999521443642e+38
CL108116004,-7.666504,-9999.0,-9999.0,3.3999999521443642e+38
CL108116004,-3.8496094,-9999.0,-9999.0,3.3999999521443642e+38
CL108116004,-8.428223,-9999.0,-9999.0,3.3999999521443642e+38
CL108116004,-18.69873,-9999.0,-9999.0,3.3999999521443642e+38
CL108116004,-27.161133,-9999.0,-9999.0,3.3999999521443642e+38
CL108116004,-28.71289,-9999.0,-9999.0,3.3999999521443642e+38
CL108116004,-0.7441406,-9999.0,-9999.0,3.3999999521443642e+38
CL108116004,0.2529297,-9999.0,-9999.0,3.3999999521443642e+38
CL108116004,-4.8374023,-9999.0,-9999.0,3.3999999521443642e+38
CL108116004,-11.76416,-9999.0,-9999.0,3.3999999521443642e+38
CL108116004,-18.13379,-9999.0,-9999.0,3.3999999521443642e+38
CL108116004,-18.063965,-9999.0,-9999.0,3.3999999521443642e+38
CL108116004,-21.876953,-9999.0,-9999.0,3.3999999521443642e+38
CL108116004,-24.644531,-9999.0,-9999.0,3.3999999521443642e+38
CL108116004,-22.876953,-9999.0,-9999.0,3.3999999521443642e+38
CL108116004,-20.368164,-9999.0,-9999.0,3.3999999521443642e+38
CL108116004,-16.138672,-9999.0,-9999.0,3.3999999521443642e+38
CL108116004,-13.368164,-9999.0,-9999.0,3.3999999521443642e+38
CL108116004,-12.112305,-9999.0,-9999.0,3.3999999521443642e+38
CL108116004,-8.868164,-9999.0,-9999.0,3.3999999521443642e+38
CL108116004,-6.1640625,-9999.0,-9999.0,3.3999999521443642e+38
CL108116004,-3.9624023,-9999.0,-9999.0,3.3999999521443642e+38
CL108116004,-10.55957,-9999.0,-9999.0,3.3999999521443642e+38
CL108116004,-15.19043,-9999.0,-9999.0,3.3999999521443642e+38
CL108116004,-16.052734,-9999.0,-9999.0,3.3999999521443642e+38
CL108116004,-9.052734,-9999.0,-9999.0,3.3999999521443642e+38
CL108116004,-3.3588867,-9999.0,-9999.0,3.3999999521443642e+38
CL108116004,-1.065918,-9999.0,-9999.0,3.3999999521443642e+38
CL108116004,-10.635742,-9999.0,-9999.0,3.3999999521443642e+38
CL108116004,-18.957031,-9999.0,-9999.0,3.3999999521443642e+38
CL108116004,-17.320312,-9999.0,-9999.0,3.3999999521443642e+38
CL108116004,-8.726074,-9999.0,-9999.0,3.3999999521443642e+38
CL108116004,-6.1591797,-9999.0,-9999.0,3.3999999521443642e+38
CL108116004,-13.818359,-9999.0,-9999.0,3.3999999521443642e+38
CL108116004,-14.680176,-9999.0,-9999.0,3.3999999521443642e+38
CL108116004,-8.841309,-9999.0,-9999.0,3.3999999521443642e+38
CL108116004,-7.819336,-9999.0,-9999.0,3.3999999521443642e+38
CL108116004,-15.869141,-9999.0,-9999.0,3.3999999521443642e+38
CL108116004,-26.980469,-9999.0,-9999.0,3.3999999521443642e+38
CL108116004,-21.417969,-9999.0,-9999.0,3.3999999521443642e+38
CL108116004,-12.916504,-9999.0,-9999.0,3.3999999521443642e+38
CL108116004,-9.472168,-9999.0,-9999.0,3.3999999521443642e+38
CL108116004,-6.298828,-9999.0,-9999.0,3.3999999521443642e+38
CL108116004,-8.653809,-9999.0,-9999.0,3.3999999521443642e+38
CL108116004,-13.82959,-9999.0,-9999.0,3.3999999521443642e+38
CL108116004,-17.43164,-9999.0,-9999.0,3.3999999521443642e+38
CL108116004,-18.550293,-9999.0,-9999.0,3.3999999521443642e+38
CL108116004,-19.609375,-9999.0,-9999.0,3.3999999521443642e+38
CL108116004,-12.999512,-9999.0,-9999.0,3.3999999521443642e+38
CL108116004,-16.120605,-9999.0,-9999.0,3.3999999521443642e+38
CL108116004,-19.081055,-9999.0,-9999.0,3.3999999521443642e+38
CL108116004,-16.653809,-9999.0,-9999.0,3.3999999521443642e+38
CL108116004,-11.466797,-9999.0,-9999.0,3.3999999521443642e+38
CL108116004,-5.2626953,-9999.0,-9999.0,3.3999999521443642e+38
CL108116004,-4.79834,-9999.0,-9999.0,3.3999999521443642e+38
CL108116004,-12.639648,-9999.0,-9999.0,3.3999999521443642e+38
CL108116004,-18.62793,-9999.0,-9999.0,3.3999999521443642e+38
CL108116004,-22.608398,-9999.0,-9999.0,3.3999999521443642e+38
CL108116004,-18.207031,-9999.0,-9999.0,3.3999999521443642e+38
CL108116004,-13.530762,-9999.0,-9999.0,3.3999999521443642e+38
CL108116004,-13.052734,-9999.0,-9999.0,3.3999999521443642e+38
CL108116004,-12.052734,-9999.0,-9999.0,3.3999999521443642e+38
CL108116004,-13.7734375,-9999.0,-9999.0,3.3999999521443642e+38
CL108116004,-16.970703,-9999.0,-9999.0,3.3999999521443642e+38
CL108116004,-14.192871,-9999.0,-9999.0,3.3999999521443642e+38
CL108116004,-10.795898,-9999.0,-9999.0,3.3999999521443642e+38
CL108116004,-15.912598,-9999.0,-9999.0,3.3999999521443642e+38
CL108116004,-13.314453,-9999.0,-9999.0,3.3999999521443642e+38
CL108116004,-8.60498,-9999.0,-9999.0,3.3999999521443642e+38
CL108116004,-16.021484,-9999.0,-9999.0,3.3999999521443642e+38
CL108116004,-23.027832,-9999.0,-9999.0,3.3999999521443642e+38
CL108116004,-4.9194336,-9999.0,-9999.0,3.3999999521443642e+38
CL108116004,-19.362305,-9999.0,-9999.0,3.3999999521443642e+38
CL108116004,-17.560547,-9999.0,-9999.0,3.3999999521443642e+38
CL108116004,-16.23291,-9999.0,-9999.0,3.3999999521443642e+38
CL108116004,-17.652344,-9999.0,-9999.0,3.3999999521443642e+38
CL108116004,-13.285156,-9999.0,-9999.0,3.3999999521443642e+38
CL108116004,-7.494629,-9999.0,-9999.0,3.3999999521443642e+38
CL108116004,-5.654297,-9999.0,-9999.0,3.3999999521443642e+38
CL108116004,-11.83252,-9999.0,-9999.0,3.3999999521443642e+38
CL108116004,-17.940918,-9999.0,-9999.0,3.3999999521443642e+38
CL108116004,-16.052734,-9999.0,-9999.0,3.3999999521443642e+38
CL108116004,-11.284668,-9999.0,-9999.0,3.3999999521443642e+38
CL108116004,-14.044434,-9999.0,-9999.0,3.3999999521443642e+38
CL108116004,-17.248047,-9999.0,-9999.0,3.3999999521443642e+38
CL108116004,-17.466797,-9999.0,-9999.0,3.3999999521443642e+38
CL108116004,-16.436523,-9999.0,-9999.0,3.3999999521443642e+38
CL108116004,-13.052734,-9999.0,-9999.0,3.3999999521443642e+38
CL108116004,-11.052734,-9999.0,-9999.0,3.3999999521443642e+38
CL108116004,-11.281738,-9999.0,-9999.0,3.3999999521443642e+38
CL108116004,-13.130371,-9999.0,-9999.0,3.3999999521443642e+38
CL108116004,-18.533691,-9999.0,-9999.0,3.3999999521443642e+38
CL108116004,-21.716309,-9999.0,-9999.0,3.3999999521443642e+38
CL108116004,-22.895996,-9999.0,-9999.0,3.3999999521443642e+38
CL108116004,-19.052734,-9999.0,-9999.0,3.3999999521443642e+38
CL108116004,-11.052734,-9999.0,-9999.0,3.3999999521443642e+38
CL108116004,-5.1411133,-9999.0,-9999.0,3.3999999521443642e+38
CL108116004,-12.651855,-9999.0,-9999.0,3.3999999521443642e+38
CL108116004,-24.838867,-9999.0,-9999.0,3.3999999521443642e+38
CL108116004,-21.300781,-9999.0,-9999.0,3.3999999521443642e+38
CL108116004,-14.095703,-9999.0,-9999.0,3.3999999521443642e+38
CL108116004,-14.299805,-9999.0,-9999.0,3.3999999521443642e+38
CL108116004,-25.550781,-9999.0,-9999.0,3.3999999521443642e+38
CL108116004,-17.100586,-9999.0,-9999.0,3.3999999521443642e+38
CL108116004,-22.475098,-9999.0,-9999.0,3.3999999521443642e+38
CL108116004,-19.03711,-9999.0,-9999.0,3.3999999521443642e+38
CL108116004,-14.956543,-9999.0,-9999.0,3.3999999521443642e+38
CL108116004,-9.469238,-9999.0,-9999.0,3.3999999521443642e+38
CL108116004,-5.5874023,-9999.0,-9999.0,3.3999999521443642e+38
CL108116004,-3.2041016,-9999.0,-9999.0,3.3999999521443642e+38
CL108116004,-6.0273438,-9999.0,-9999.0,3.3999999521443642e+38
CL108116004,-17.1333,-9999.0,-9999.0,3.3999999521443642e+38
CL108116004,-20.92627,-9999.0,-9999.0,3.3999999521443642e+38
CL108116004,-17.854004,-9999.0,-9999.0,3.3999999521443642e+38
CL108116004,-13.052734,-9999.0,-9999.0,3.3999999521443642e+38
CL108116004,-10.92334,-9999.0,-9999.0,3.3999999521443642e+38
CL108116004,-16.243164,-9999.0,-9999.0,3.3999999521443642e+38
CL108116004,-21.944824,-9999.0,-9999.0,3.3999999521443642e+38
CL108116004,-21.196777,-9999.0,-9999.0,3.3999999521443642e+38
CL108116004,-19.612305,-9999.0,-9999.0,3.3999999521443642e+38
CL108116004,-18.052734,-9999.0,-9999.0,3.3999999521443642e+38
CL108116004,-14.052734,-9999.0,-9999.0,3.3999999521443642e+38
CL108116004,-10.975098,-9999.0,-9999.0,3.3999999521443642e+38
CL108116004,-18.3125,-9999.0,-9999.0,3.3999999521443642e+38
CL108116004,-26.226562,-9999.0,-9999.0,3.3999999521443642e+38
CL108116004,-23.054688,-9999.0,-9999.0,3.3999999521443642e+38
CL108116004,-18.052734,-9999.0,-9999.0,3.3999999521443642e+38
CL108116004,-12.052734,-9999.0,-9999.0,3.3999999521443642e+38
CL108116004,-9.052734,-9999.0,-9999.0,3.3999999521443642e+38
CL108116004,-12.137207,-9999.0,-9999.0,3.3999999521443642e+38
CL108116004,-18.655762,-9999.0,-9999.0,3.3999999521443642e+38
CL108116004,-16.052734,-9999.0,-9999.0,3.3999999521443642e+38
CL108116004,-12.182129,-9999.0,-9999.0,3.3999999521443642e+38
CL108116004,-24.276367,-9999.0,-9999.0,3.3999999521443642e+38
CL108116004,-26.782227,-9999.0,-9999.0,3.3999999521443642e+38
CL108116004,-30.659668,-9999.0,-9999.0,3.3999999521443642e+38
CL108116004,-26.407227,-9999.0,-9999.0,3.3999999521443642e+38
CL108116004,-21.063477,-9999.0,-9999.0,3.3999999521443642e+38
CL108116004,-17.357422,-9999.0,-9999.0,3.3999999521443642e+38
CL108116004,-15.052734,-9999.0,-9999.0,3.3999999521443642e+38
CL108116004,-10.591309,-9999.0,-9999.0,3.3999999521443642e+38
CL108116004,-9.92627,-9999.0,-9999.0,3.3999999521443642e+38
CL108116004,-20.15918,-9999.0,-9999.0,3.3999999521443642e+38
CL108116004,-20.28418,-9999.0,-9999.0,3.3999999521443642e+38
CL108116004,-18.052734,-9999.0,-9999.0,3.3999999521443642e+38
CL108116004,-17.052734,-9999.0,-9999.0,3.3999999521443642e+38
CL108116004,-17.17627,-9999.0,-9999.0,3.3999999521443642e+38
CL108116004,-19.08545,-9999.0,-9999.0,3.3999999521443642e+38
CL108116004,-22.564453,-9999.0,-9999.0,3.3999999521443642e+38
CL108116004,-22.487793,-9999.0,-9999.0,3.3999999521443642e+38
CL108116004,-20.662598,-9999.0,-9999.0,3.3999999521443642e+38
CL108116004,-17.941406,-9999.0,-9999.0,3.3999999521443642e+38
CL108116004,-16.052734,-9999.0,-9999.0,3.3999999521443642e+38
CL108116004,-14.5234375,-9999.0,-9999.0,3.3999999521443642e+38
CL108116004,-17.76123,-9999.0,-9999.0,3.3999999521443642e+38
CL108116004,-21.876465,-9999.0,-9999.0,3.3999999521443642e+38
CL108116004,-21.052734,-9999.0,-9999.0,3.3999999521443642e+38
CL108116004,-15.052734,-9999.0,-9999.0,3.3999999521443642e+38
CL108116004,-9.052734,-9999.0,-9999.0,3.3999999521443642e+38
CL108116004,-7.713379,-9999.0,-9999.0,3.3999999521443642e+38
CL108116004,-17.876465,-9999.0,-9999.0,3.3999999521443642e+38
CL108116004,-20.753418,-9999.0,-9999.0,3.3999999521443642e+38
CL108116004,-27.468262,-9999.0,-9999.0,3.3999999521443642e+38
CL108116004,-35.137695,-9999.0,-9999.0,3.3999999521443642e+38
CL108116004,-32.556152,-9999.0,-9999.0,3.3999999521443642e+38
CL108116004,-28.083008,-9999.0,-9999.0,3.3999999521443642e+38
CL108116004,-23.474121,-9999.0,-9999.0,3.3999999521443642e+38
CL108116004,-22.909668,-9999.0,-9999.0,3.3999999521443642e+38
CL108116004,-6.979492,-9999.0,-9999.0,3.3999999521443642e+38
CL108116004,-9.004883,-9999.0,-9999.0,3.3999999521443642e+38
CL108116004,-18.744629,-9999.0,-9999.0,3.3999999521443642e+38
CL108116004,-24.10498,-9999.0,-9999.0,3.3999999521443642e+38
CL108116004,-24.416504,-9999.0,-9999.0,3.3999999521443642e+38
CL108116004,-24.930176,-9999.0,-9999.0,3.3999999521443642e+38
CL108116004,-21.052734,-9999.0,-9999.0,3.3999999521443642e+38
CL108116004,-13.608887,-9999.0,-9999.0,3.3999999521443642e+38
CL108116004,-13.049316,-9999.0,-9999.0,3.3999999521443642e+38
CL108116004,-18.47168,-9999.0,-9999.0,3.3999999521443642e+38
CL108116004,-20.963867,-9999.0,-9999.0,3.3999999521443642e+38
CL108116004,-20.67041,-9999.0,-9999.0,3.3999999521443642e+38
CL108116004,-18.951172,-9999.0,-9999.0,3.3999999521443642e+38
CL108116004,-11.052734,-9999.0,-9999.0,3.3999999521443642e+38
CL108116004,-11.713379,-9999.0,-9999.0,3.3999999521443642e+38
CL108116004,-23.876465,-9999.0,-9999.0,3.3999999521443642e+38
CL108116004,-21.052734,-9999.0,-9999.0,3.3999999521443642e+38
CL108116004,-13.052734,-9999.0,-9999.0,3.3999999521443642e+38
CL108116004,-6.0527344,-9999.0,-9999.0,3.3999999521443642e+38
CL108116004,-11.34375,-9999.0,-9999.0,3.3999999521443642e+38
CL108116004,-24.922852,-9999.0,-9999.0,3.3999999521443642e+38
CL108116004,-24.052734,-9999.0,-9999.0,3.3999999521443642e+38
CL108116004,-24.052734,-9999.0,-9999.0,3.3999999521443642e+38
CL108116004,-22.052734,-9999.0,-9999.0,3.3999999521443642e+38
CL108116004,-22.052734,-9999.0,-9999.0,3.3999999521443642e+38
CL108116004,-18.61377,-9999.0,-9999.0,3.3999999521443642e+38
CL108116004,-8.899414,-9999.0,-9999.0,3.3999999521443642e+38
CL108116004,-11.930664,-9999.0,-9999.0,3.3999999521443642e+38
CL108116004,-13.052734,-9999.0,-9999.0,3.3999999521443642e+38
CL108116004,-14.407715,-9999.0,-9999.0,3.3999999521443642e+38
CL108116004,-22.375,-9999.0,-9999.0,3.3999999521443642e+38
CL108116004,-28.444824,-9999.0,-9999.0,3.3999999521443642e+38
CL108116004,-26.301758,-9999.0,-9999.0,3.3999999521443642e+38
CL108116004,-20.510254,-9999.0,-9999.0,3.3999999521443642e+38
CL108116004,-14.51123,-9999.0,-9999.0,3.3999999521443642e+38
CL108116004,-10.442383,-9999.0,-9999.0,3.3999999521443642e+38
CL108116004,-11.844238,-9999.0,-9999.0,3.3999999521443642e+38
CL108116004,-17.525879,-9999.0,-9999.0,3.3999999521443642e+38
CL108116004,-21.310547,-9999.0,-9999.0,3.3999999521443642e+38
CL108116004,-18.263184,-9999.0,-9999.0,3.3999999521443642e+38
CL108116004,-12.052734,-9999.0,-9999.0,3.3999999521443642e+38
CL108116004,-14.932129,-9999.0,-9999.0,3.3999999521443642e+38
CL108116004,-25.323242,-9999.0,-9999.0,3.3999999521443642e+38
CL108116004,-22.052734,-9999.0,-9999.0,3.3999999521443642e+38
CL108116004,-14.052734,-9999.0,-9999.0,3.3999999521443642e+38
CL108116004,-21.795898,-9999.0,-9999.0,3.3999999521443642e+38
CL108116004,-29.582031,-9999.0,-9999.0,3.3999999521443642e+38
CL108116004,-29.414062,-9999.0,-9999.0,3.3999999521443642e+38
CL108116004,-30.783691,-9999.0,-9999.0,3.3999999521443642e+38
CL108116004,-30.052734,-9999.0,-9999.0,3.3999999521443642e+38
CL108116004,-31.052734,-9999.0,-9999.0,3.3999999521443642e+38
CL108116004,-5.1557617,-9999.0,-9999.0,3.3999999521443642e+38
CL108116004,-16.597168,-9999.0,-9999.0,3.3999999521443642e+38
CL108116004,-17.423828,-9999.0,-9999.0,3.3999999521443642e+38
CL108116004,-16.8833,-9999.0,-9999.0,3.3999999521443642e+38
CL108116004,-17.32373,-9999.0,-9999.0,3.3999999521443642e+38
CL108116004,-17.825195,-9999.0,-9999.0,3.3999999521443642e+38
CL108116004,-20.535156,-9999.0,-9999.0,3.3999999521443642e+38
CL108116004,-20.71289,-9999.0,-9999.0,3.3999999521443642e+38
CL108116004,-16.208008,-9999.0,-9999.0,3.3999999521443642e+38
CL108116004,-14.19043,-9999.0,-9999.0,3.3999999521443642e+38
CL108116004,-13.129395,-9999.0,-9999.0,3.3999999521443642e+38
CL108116004,-12.155762,-9999.0,-9999.0,3.3999999521443642e+38
CL108116004,-14.176758,-9999.0,-9999.0,3.3999999521443642e+38
CL108116004,-20.723145,-9999.0,-9999.0,3.3999999521443642e+38
CL108116004,-20.347656,-9999.0,-9999.0,3.3999999521443642e+38
CL108116004,-17.92871,-9999.0,-9999.0,3.3999999521443642e+38
CL108116004,-20.865723,-9999.0,-9999.0,3.3999999521443642e+38
CL108116004,-29.363281,-9999.0,-9999.0,3.3999999521443642e+38
CL108116004,-27.323242,-9999.0,-9999.0,3.3999999521443642e+38
CL108116004,-24.552734,-9999.0,-9999.0,3.3999999521443642e+38
CL108116004,-29.300781,-9999.0,-9999.0,3.3999999521443642e+38
CL108116004,-32.16992,-9999.0,-9999.0,3.3999999521443642e+38
CL108116004,-32.321777,-9999.0,-9999.0,3.3999999521443642e+38
CL108116004,-33.6333,-9999.0,-9999.0,3.3999999521443642e+38
CL108116004,-12.130859,-9999.0,-9999.0,3.3999999521443642e+38
CL108116004,-10.052734,-9999.0,-9999.0,3.3999999521443642e+38
CL108116004,-10.47168,-9999.0,-9999.0,3.3999999521443642e+38
CL108116004,-14.439453,-9999.0,-9999.0,3.3999999521443642e+38
CL108116004,-18.148926,-9999.0,-9999.0,3.3999999521443642e+38
CL108116004,-18.661621,-9999.0,-9999.0,3.3999999521443642e+38
CL108116004,-17.621094,-9999.0,-9999.0,3.3999999521443642e+38
CL108116004,-16.870117,-9999.0,-9999.0,3.3999999521443642e+38
CL108116004,-13.721191,-9999.0,-9999.0,3.3999999521443642e+38
CL108116004,-5.936035,-9999.0,-9999.0,3.3999999521443642e+38
CL108116004,-5.9296875,-9999.0,-9999.0,3.3999999521443642e+38
CL108116004,-12.081055,-9999.0,-9999.0,3.3999999521443642e+38
CL108116004,-18.814941,-9999.0,-9999.0,3.3999999521443642e+38
CL108116004,-17.470215,-9999.0,-9999.0,3.3999999521443642e+38
CL108116004,-17.961914,-9999.0,-9999.0,3.3999999521443642e+38
CL108116004,-22.373535,-9999.0,-9999.0,3.3999999521443642e+38
CL108116004,-24.269531,-9999.0,-9999.0,3.3999999521443642e+38
CL108116004,-22.92334,-9999.0,-9999.0,3.3999999521443642e+38
CL108116004,-35.189453,-9999.0,-9999.0,3.3999999521443642e+38
CL108116004,-30.782715,-9999.0,-9999.0,3.3999999521443642e+38
CL108116004,-26.052734,-9999.0,-9999.0,3.3999999521443642e+38
CL108116004,-21.052734,-9999.0,-9999.0,3.3999999521443642e+38
CL108116004,-20.052734,-9999.0,-9999.0,3.3999999521443642e+38
CL108116004,-4.631836,-9999.0,-9999.0,3.3999999521443642e+38
CL108116004,-14.647949,-9999.0,-9999.0,3.3999999521443642e+38
CL108116004,-17.649414,-9999.0,-9999.0,3.3999999521443642e+38
CL108116004,-14.705566,-9999.0,-9999.0,3.3999999521443642e+38
CL108116004,-10.461426,-9999.0,-9999.0,3.3999999521443642e+38
CL108116004,-7.4208984,-9999.0,-9999.0,3.3999999521443642e+38
CL108116004,-7.7929688,-9999.0,-9999.0,3.3999999521443642e+38
CL108116004,-8.90332,-9999.0,-9999.0,3.3999999521443642e+38
CL108116004,-12.254883,-9999.0,-9999.0,3.3999999521443642e+38
CL108116004,-10.48877,-9999.0,-9999.0,3.3999999521443642e+38
CL108116004,-8.078125,-9999.0,-9999.0,3.3999999521443642e+38
CL108116004,-7.0527344,-9999.0,-9999.0,3.3999999521443642e+38
CL108116004,-10.052734,-9999.0,-9999.0,3.3999999521443642e+38
CL108116004,-15.542969,-9999.0,-9999.0,3.3999999521443642e+38
CL108116004,-19.875,-9999.0,-9999.0,3.3999999521443642e+38
CL108116004,-23.859375,-9999.0,-9999.0,3.3999999521443642e+38
CL108116004,-23.14502,-9999.0,-9999.0,3.3999999521443642e+38
CL108116004,-23.083496,-9999.0,-9999.0,3.3999999521443642e+38
CL108116004,-32.4292,-9999.0,-9999.0,3.3999999521443642e+38
CL108116004,-30.067871,-9999.0,-9999.0,3.3999999521443642e+38
CL108116004,-30.330566,-9999.0,-9999.0,3.3999999521443642e+38
CL108116004,-30.692383,-9999.0,-9999.0,3.3999999521443642e+38
CL108116004,-9.311523,-9999.0,-9999.0,3.3999999521443642e+38
CL108116004,-9.813965,-9999.0,-9999.0,3.3999999521443642e+38
CL108116004,-13.966797,-9999.0,-9999.0,3.3999999521443642e+38
CL108116004,-17.901367,-9999.0,-9999.0,3.3999999521443642e+38
CL108116004,-15.785645,-9999.0,-9999.0,3.3999999521443642e+38
CL108116004,-9.795898,-9999.0,-9999.0,3.3999999521443642e+38
CL108116004,-4.446289,-9999.0,-9999.0,3.3999999521443642e+38
CL108116004,-2.9155273,-9999.0,-9999.0,3.3999999521443642e+38
CL108116004,-0.052734375,-9999.0,-9999.0,3.3999999521443642e+38
CL108116004,3.4277344,-9999.0,-9999.0,3.3999999521443642e+38
CL108116004,-2.8613281,-9999.0,-9999.0,3.3999999521443642e+38
CL108116004,-11.230469,-9999.0,-9999.0,3.3999999521443642e+38
CL108116004,-16.732422,-9999.0,-9999.0,3.3999999521443642e+38
CL108116004,-23.052734,-9999.0,-9999.0,3.3999999521443642e+38
CL108116004,-22.33252,-9999.0,-9999.0,3.3999999521443642e+38
CL108116004,-21.817871,-9999.0,-9999.0,3.3999999521443642e+38
CL108116004,-28.92041,-9999.0,-9999.0,3.3999999521443642e+38
CL108116004,-33.737793,-9999.0,-9999.0,3.3999999521443642e+38
CL108116004,-27.961914,-9999.0,-9999.0,3.3999999521443642e+38
CL108116004,-25.375977,-9999.0,-9999.0,3.3999999521443642e+38
CL108116004,-27.208496,-9999.0,-9999.0,3.3999999521443642e+38
CL108116004,-30.150879,-9999.0,-9999.0,3.3999999521443642e+38
CL108116004,-10.037598,-9999.0,-9999.0,3.3999999521443642e+38
CL108116004,-14.424805,-9999.0,-9999.0,3.3999999521443642e+38
CL108116004,-11.312012,-9999.0,-9999.0,3.3999999521443642e+38
CL108116004,-8.172363,-9999.0,-9999.0,3.3999999521443642e+38
CL108116004,-6.0410156,-9999.0,-9999.0,3.3999999521443642e+38
CL108116004,-3.3676758,-9999.0,-9999.0,3.3999999521443642e+38
CL108116004,-2.4389648,-9999.0,-9999.0,3.3999999521443642e+38
CL108116004,-3.918457,-9999.0,-9999.0,3.3999999521443642e+38
CL108116004,-4.2963867,-9999.0,-9999.0,3.3999999521443642e+38
CL108116004,-0.052734375,-9999.0,-9999.0,3.3999999521443642e+38
CL108116004,1.9472656,-9999.0,-9999.0,3.3999999521443642e+38
CL108116004,-0.9453125,-9999.0,-9999.0,3.3999999521443642e+38
CL108116004,-14.134277,-9999.0,-9999.0,3.3999999521443642e+38
CL108116004,-25.833008,-9999.0,-9999.0,3.3999999521443642e+38
CL108116004,-28.052734,-9999.0,-9999.0,3.3999999521443642e+38
CL108116004,-24.03418,-9999.0,-9999.0,3.3999999521443642e+38
CL108116004,-33.08789,-9999.0,-9999.0,3.3999999521443642e+38
CL108116004,-32.700195,-9999.0,-9999.0,3.3999999521443642e+38
CL108116004,-29.411621,-9999.0,-9999.0,3.3999999521443642e+38
CL108116004,-25.2417,-9999.0,-9999.0,3.3999999521443642e+38
CL108116004,-24.25586,-9999.0,-9999.0,3.3999999521443642e+38
CL108116004,-28.715332,-9999.0,-9999.0,3.3999999521443642e+38
CL108116004,-19.052734,-9999.0,-9999.0,3.3999999521443642e+38
CL108116004,-14.475098,-9999.0,-9999.0,3.3999999521443642e+38
CL108116004,-9.913574,-9999.0,-9999.0,3.3999999521443642e+38
CL108116004,-13.01709,-9999.0,-9999.0,3.3999999521443642e+38
CL108116004,-14.088867,-9999.0,-9999.0,3.3999999521443642e+38
CL108116004,-11.373047,-9999.0,-9999.0,3.3999999521443642e+38
CL108116004,-8.32373,-9999.0,-9999.0,3.3999999521443642e+38
CL108116004,-0.052734375,-9999.0,-9999.0,3.3999999521443642e+38
CL108116004,3.8720703,-9999.0,-9999.0,3.3999999521443642e+38
CL108116004,-3.1884766,-9999.0,-9999.0,3.3999999521443642e+38
CL108116004,-6.1362305,-9999.0,-9999.0,3.3999999521443642e+38
CL108116004,-4.0527344,-9999.0,-9999.0,3.3999999521443642e+38
CL108116004,-2.0527344,-9999.0,-9999.0,3.3999999521443642e+38
CL108116004,-6.244629,-9999.0,-9999.0,3.3999999521443642e+38
CL108116004,-18.746582,-9999.0,-9999.0,3.3999999521443642e+38
CL108116004,-24.722168,-9999.0,-9999.0,3.3999999521443642e+38
CL108116004,-27.58496,-9999.0,-9999.0,3.3999999521443642e+38
CL108116004,-31.59082,-9999.0,-9999.0,3.3999999521443642e+38
CL108116004,-32.651367,-9999.0,-9999.0,3.3999999521443642e+38
CL108116004,-16.368652,-9999.0,-9999.0,3.3999999521443642e+38
CL108116004,-22.689941,-9999.0,-9999.0,3.3999999521443642e+38
CL108116004,-19.22705,-9999.0,-9999.0,3.3999999521443642e+38
CL108116004,-14.29834,-9999.0,-9999.0,3.3999999521443642e+38
CL108116004,-8.046875,-9999.0,-9999.0,3.3999999521443642e+38
CL108116004,-8.841309,-9999.0,-9999.0,3.3999999521443642e+38
CL108116004,-11.751465,-9999.0,-9999.0,3.3999999521443642e+38
CL108116004,-10.005859,-9999.0,-9999.0,3.3999999521443642e+38
CL108116004,-4.0527344,-9999.0,-9999.0,3.3999999521443642e+38
CL108116004,0.2084961,-9999.0,-9999.0,3.3999999521443642e+38
CL108116004,-5.949707,-9999.0,-9999.0,3.3999999521443642e+38
CL108116004,-9.052734,-9999.0,-9999.0,3.3999999521443642e+38
CL108116004,-7.0527344,-9999.0,-9999.0,3.3999999521443642e+38
CL108116004,-8.848145,-9999.0,-9999.0,3.3999999521443642e+38
CL108116004,-30.567383,-9999.0,-9999.0,3.3999999521443642e+38
CL108116004,-28.201172,-9999.0,-9999.0,3.3999999521443642e+38
CL108116004,-25.910156,-9999.0,-9999.0,3.3999999521443642e+38
CL108116004,-31.22754,-9999.0,-9999.0,3.3999999521443642e+38
CL108116004,-28.719238,-9999.0,-9999.0,3.3999999521443642e+38
CL108116004,-23.052734,-9999.0,-9999.0,3.3999999521443642e+38
CL108116004,-21.833008,-9999.0,-9999.0,3.3999999521443642e+38
CL108116004,-27.385742,-9999.0,-9999.0,3.3999999521443642e+38
CL108116004,-28.72754,-9999.0,-9999.0,3.3999999521443642e+38
CL108116004,-20.052734,-9999.0,-9999.0,3.3999999521443642e+38
CL108116004,-11.052734,-9999.0,-9999.0,3.3999999521443642e+38
CL108116004,-7.4213867,-9999.0,-9999.0,3.3999999521443642e+38
CL108116004,-11.812988,-9999.0,-9999.0,3.3999999521443642e+38
CL108116004,-15.45166,-9999.0,-9999.0,3.3999999521443642e+38
CL108116004,-5.0527344,-9999.0,-9999.0,3.3999999521443642e+38
CL108116004,-2.5756836,-9999.0,-9999.0,3.3999999521443642e+38
CL108116004,-12.638184,-9999.0,-9999.0,3.3999999521443642e+38
CL108116004,-10.052734,-9999.0,-9999.0,3.3999999521443642e+38
CL108116004,-29.591309,-9999.0,-9999.0,3.3999999521443642e+38
CL108116004,-30.65918,-9999.0,-9999.0,3.3999999521443642e+38
CL108116004,-31.252441,-9999.0,-9999.0,3.3999999521443642e+38
CL108116004,-29.645996,-9999.0,-9999.0,3.3999999521443642e+38
CL108116004,-34.39453,-9999.0,-9999.0,3.3999999521443642e+38
CL108116004,-33.944336,-9999.0,-9999.0,3.3999999521443642e+38
CL108116004,-26.052734,-9999.0,-9999.0,3.3999999521443642e+38
CL108116004,-21.935059,-9999.0,-9999.0,3.3999999521443642e+38
CL108116004,-28.846191,-9999.0,-9999.0,3.3999999521443642e+38
CL108116004,-29.287598,-9999.0,-9999.0,3.3999999521443642e+38
CL108116004,-22.052734,-9999.0,-9999.0,3.3999999521443642e+38
CL108116004,-17.052734,-9999.0,-9999.0,3.3999999521443642e+38
CL108116004,-15.524414,-9999.0,-9999.0,3.3999999521443642e+38
CL108116004,-20.447266,-9999.0,-9999.0,3.3999999521443642e+38
CL108116004,-14.052734,-9999.0,-9999.0,3.3999999521443642e+38
CL108116004,-6.7470703,-9999.0,-9999.0,3.3999999521443642e+38
CL108116004,-10.816406,-9999.0,-9999.0,3.3999999521443642e+38
CL108116004,-31.951172,-9999.0,-9999.0,3.3999999521443642e+38
CL108116004,-29.273926,-9999.0,-9999.0,3.3999999521443642e+38
CL108116004,-21.576172,-9999.0,-9999.0,3.3999999521443642e+38
CL108116004,-18.27246,-9999.0,-9999.0,3.3999999521443642e+38
CL108116004,-26.052734,-9999.0,-9999.0,3.3999999521443642e+38
CL108116004,-28.563965,-9999.0,-9999.0,3.3999999521443642e+38
CL108116004,-38.356934,-9999.0,-9999.0,3.3999999521443642e+38
CL108116004,-32.615723,-9999.0,-9999.0,3.3999999521443642e+38
CL108116004,-23.052734,-9999.0,-9999.0,3.3999999521443642e+38
CL108116004,-18.91455,-9999.0,-9999.0,3.3999999521443642e+38
CL108116004,-22.84375,-9999.0,-9999.0,3.3999999521443642e+38
CL108116004,-28.631348,-9999.0,-9999.0,3.3999999521443642e+38
CL108116004,-26.052734,-9999.0,-9999.0,3.3999999521443642e+38
CL108116004,-18.356934,-9999.0,-9999.0,3.3999999521443642e+38
CL108116004,-14.106934,-9999.0,-9999.0,3.3999999521443642e+38
CL108116004,-20.452637,-9999.0,-9999.0,3.3999999521443642e+38
CL108116004,-12.052734,-9999.0,-9999.0,3.3999999521443642e+38
CL108116004,-26.512207,-9999.0,-9999.0,3.3999999521443642e+38
CL108116004,-25.713379,-9999.0,-9999.0,3.3999999521443642e+38
CL108116004,-26.16211,-9999.0,-9999.0,3.3999999521443642e+38
CL108116004,-32.036133,-9999.0,-9999.0,3.3999999521443642e+38
CL108116004,-27.385742,-9999.0,-9999.0,3.3999999521443642e+38
CL108116004,-26.47754,-9999.0,-9999.0,3.3999999521443642e+38
CL108116004,-32.45703,-9999.0,-9999.0,3.3999999521443642e+38
CL108116004,-27.933594,-9999.0,-9999.0,3.3999999521443642e+38
CL108116004,-22.052734,-9999.0,-9999.0,3.3999999521443642e+38
CL108116004,-19.635742,-9999.0,-9999.0,3.3999999521443642e+38
CL108116004,-22.688965,-9999.0,-9999.0,3.3999999521443642e+38
CL108116004,-30.390137,-9999.0,-9999.0,3.3999999521443642e+38
CL108116004,-25.052734,-9999.0,-9999.0,3.3999999521443642e+38
CL108116004,-18.402344,-9999.0,-9999.0,3.3999999521443642e+38
CL108116004,-19.745605,-9999.0,-9999.0,3.3999999521443642e+38
CL108116004,-29.96289,-9999.0,-9999.0,3.3999999521443642e+38
CL108116004,-30.073242,-9999.0,-9999.0,3.3999999521443642e+38
CL108116004,-26.169434,-9999.0,-9999.0,3.3999999521443642e+38
CL108116004,-22.844727,-9999.0,-9999.0,3.3999999521443642e+38
CL108116004,-28.83496,-9999.0,-9999.0,3.3999999521443642e+38
CL108116004,-27.398926,-9999.0,-9999.0,3.3999999521443642e+38
CL108116004,-27.973145,-9999.0,-9999.0,3.3999999521443642e+38
CL108116004,-29.197754,-9999.0,-9999.0,3.3999999521443642e+38
CL108116004,-23.496582,-9999.0,-9999.0,3.3999999521443642e+38
CL108116004,-22.367188,-9999.0,-9999.0,3.3999999521443642e+38
CL108116004,-27.942871,-9999.0,-9999.0,3.3999999521443642e+38
CL108116004,-28.681152,-9999.0,-9999.0,3.3999999521443642e+38
CL108116004,-26.774902,-9999.0,-9999.0,3.3999999521443642e+38
CL108116004,-24.61621,-9999.0,-9999.0,3.3999999521443642e+38
CL108116004,-29.312988,-9999.0,-9999.0,3.3999999521443642e+38
CL108116004,-32.03369,-9999.0,-9999.0,3.3999999521443642e+38
CL108116004,-24.24414,-9999.0,-9999.0,3.3999999521443642e+38
CL108116004,-23.5625,-9999.0,-9999.0,3.3999999521443642e+38
CL108116004,-26.292969,-9999.0,-9999.0,3.3999999521443642e+38
CL108116004,-30.800293,-9999.0,-9999.0,3.3999999521443642e+38
CL108116004,-27.10254,-9999.0,-9999.0,3.3999999521443642e+38
CL108116004,-25.878418,-9999.0,-9999.0,3.3999999521443642e+38
CL108116004,-30.674805,-9999.0,-9999.0,3.3999999521443642e+38
CL108116004,-24.296875,-9999.0,-9999.0,3.3999999521443642e+38
CL108116004,-23.14795,-9999.0,-9999.0,3.3999999521443642e+38
CL108116004,-26.545898,-9999.0,-9999.0,3.3999999521443642e+38
CL108116004,-24.71045,-9999.0,-9999.0,3.3999999521443642e+38
CL108116004,-23.529297,-9999.0,-9999.0,3.3999999521443642e+38
CL108116004,-27.280762,-9999.0,-9999.0,3.3999999521443642e+38
CL108116004,-32.844727,-9999.0,-9999.0,3.3999999521443642e+38
CL108116004,-28.346191,-9999.0,-9999.0,3.3999999521443642e+38
CL108116004,-26.245605,-9999.0,-9999.0,3.3999999521443642e+38
CL108116004,-29.408203,-9999.0,-9999.0,3.3999999521443642e+38
CL108116004,-25.990234,-9999.0,-9999.0,3.3999999521443642e+38
CL108116004,-26.875488,-9999.0,-9999.0,3.3999999521443642e+38
CL108116004,-30.220703,-9999.0,-9999.0,3.3999999521443642e+38
CL108116004,-29.03955,-9999.0,-9999.0,3.3999999521443642e+38
CL108116004,-28.795898,-9999.0,-9999.0,3.3999999521443642e+38
CL108116004,-21.302734,-9999.0,-9999.0,3.3999999521443642e+38
CL108116004,-17.651367,-9999.0,-9999.0,3.3999999521443642e+38
CL108116004,-20.287598,-9999.0,-9999.0,3.3999999521443642e+38
CL108116004,-25.363281,-9999.0,-9999.0,3.3999999521443642e+38
CL108116004,-23.769043,-9999.0,-9999.0,3.3999999521443642e+38
CL108116004,-23.581543,-9999.0,-9999.0,3.3999999521443642e+38
CL108116004,-28.083984,-9999.0,-9999.0,3.3999999521443642e+38
CL108116004,-29.71289,-9999.0,-9999.0,3.3999999521443642e+38
CL108116004,-34.99121,-9999.0,-9999.0,3.3999999521443642e+38
CL108116004,-27.922852,-9999.0,-9999.0,3.3999999521443642e+38
CL108116004,-26.189941,-9999.0,-9999.0,3.3999999521443642e+38
CL108116004,-33.26123,-9999.0,-9999.0,3.3999999521443642e+38
CL108116004,-27.060059,-9999.0,-9999.0,3.3999999521443642e+38
CL108116004,-27.169434,-9999.0,-9999.0,3.3999999521443642e+38
CL108116004,-22.052734,-9999.0,-9999.0,3.3999999521443642e+38
CL108116004,-18.052734,-9999.0,-9999.0,3.3999999521443642e+38
CL108116004,-17.462402,-9999.0,-9999.0,3.3999999521443642e+38
CL108116004,-18.339844,-9999.0,-9999.0,3.3999999521443642e+38
CL108116004,-22.975586,-9999.0,-9999.0,3.3999999521443642e+38
CL108116004,-25.792969,-9999.0,-9999.0,3.3999999521443642e+38
CL108116004,-42.52881,-9999.0,-9999.0,3.3999999521443642e+38
CL108116004,-37.052734,-9999.0,-9999.0,3.3999999521443642e+38
CL108116004,-30.4292,-9999.0,-9999.0,3.3999999521443642e+38
CL108116004,-23.861816,-9999.0,-9999.0,3.3999999521443642e+38
CL108116004,-27.634766,-9999.0,-9999.0,3.3999999521443642e+38
CL108116004,-26.300293,-9999.0,-9999.0,3.3999999521443642e+38
CL108116004,-26.402344,-9999.0,-9999.0,3.3999999521443642e+38
CL108116004,-25.90625,-9999.0,-9999.0,3.3999999521443642e+38
CL108116004,-21.052734,-9999.0,-9999.0,3.3999999521443642e+38
CL108116004,-17.98584,-9999.0,-9999.0,3.3999999521443642e+38
CL108116004,-39.887207,0.754894495010376,251.56504821777344,138.0
CL108116004,-36.72168,0.9548412561416626,270.0,139.0
CL108116004,-26.91748,0.3376147150993347,225.0,140.0
CL108116004,-18.464844,1.067520260810852,26.565052032470703,139.0
CL108116004,-16.245117,0.9548412561416626,0.0,139.0
CL108116004,-22.251465,1.39176344871521,329.0362548828125,139.0
CL108116004,-27.278809,0.6752060055732727,315.0,140.0
CL108116004,-28.069336,0.3376147150993347,315.0,140.0
CL108116004,-36.432617,1.8175220489501953,246.80140686035156,139.0
CL108116004,-34.305664,0.9548412561416626,270.0,140.0
CL108116004,-26.013672,0.9548412561416626,0.0,140.0
CL108116004,-20.052734,1.9678637981414795,345.9637451171875,140.0
CL108116004,-16.052734,2.569502830505371,338.1985778808594,140.0
CL108116004,-16.554688,1.6876049041748047,8.130102157592773,141.0
CL108116004,-34.1958,1.39176344871521,149.03623962402344,138.0
CL108116004,-33.72705,2.3619914054870605,225.0,138.0
CL108116004,-34.578613,2.3619914054870605,225.0,140.0
CL108116004,-30.91504,1.39176344871521,239.03623962402344,140.0
CL108116004,-29.394043,1.8175220489501953,293.1985778808594,141.0
CL108116004,-26.052734,1.721006155014038,326.3099365234375,142.0
CL108116004,-23.052734,1.6876049041748047,45.0,142.0
CL108116004,-32.912598,2.385944128036499,180.0,138.0
CL108116004,-30.895508,2.569502830505371,158.19859313964844,137.0
CL108116004,-35.74414,3.0169613361358643,198.43495178222656,137.0
CL108116004,-28.158203,3.843668222427368,209.74488830566406,138.0
CL108116004,-25.591797,3.723867177963257,219.80557250976562,139.0
CL108116004,-31.500488,3.3890671730041504,230.71058654785156,141.0
CL108116004,-29.924316,2.0527751445770264,215.5376739501953,142.0
CL108116004,-35.575684,0.754894495010376,161.56504821777344,136.0
CL108116004,-41.790527,0.754894495010376,198.43495178222656,136.0
CL108116004,-37.552246,1.067520260810852,116.56504821777344,136.0
CL108116004,-36.496582,0.9548412561416626,180.0,135.0
CL108116004,-35.19043,2.3619914054870605,225.0,136.0
CL108116004,-28.052734,3.372286796569824,225.0,137.0
CL108116004,-23.052734,4.058664321899414,220.23635864257812,139.0
CL108116004,-19.63379,3.4389123916625977,213.6900634765625,140.0
CL108116004,-41.902832,0.754894495010376,341.5650634765625,136.0
CL108116004,-44.23047,2.1342999935150146,333.4349365234375,137.0
CL108116004,-46.015625,2.719923257827759,15.255118370056152,137.0
CL108116004,-36.774414,2.569502830505371,21.801408767700195,136.0
CL108116004,-42.609863,0.6752060055732727,135.0,136.0
CL108116004,-48.165527,1.5095269680023193,288.4349365234375,137.0
CL108116004,-47.777344,2.0527751445770264,305.5376892089844,138.0
CL108116004,-46.541992,0.0,270.0,136.0
CL108116004,-46.271484,1.6876049041748047,261.8699035644531,137.0
CL108101049,-14.146484,0.4774537682533264,180.0,133.0
CL108101049,-25.48877,1.39176344871521,239.03623962402344,136.0
CL108101049,-26.189453,0.9548412561416626,180.0,136.0
CL108101049,-32.804688,1.0127503871917725,225.0,136.0
CL108101049,-29.407227,1.432096242904663,270.0,137.0
CL108101049,-30.301758,0.6752060055732727,315.0,138.0
CL108101049,-31.901855,1.5095269680023193,71.56504821777344,138.0
CL108101049,-25.21045,1.5095269680023193,71.56504821777344,136.0
CL108101049,-22.755371,0.4774537682533264,0.0,136.0
CL108101049,-24.803223,1.067520260810852,296.5650634765625,136.0
CL108101049,-8.847656,2.719923257827759,74.74488067626953,133.0
CL108101049,-19.719727,1.39176344871521,120.96375274658203,132.0
CL108101049,-21.893555,1.8175220489501953,203.19859313964844,132.0
CL108101049,-21.395508,3.109632968902588,237.52880859375,133.0
CL108101049,-28.588867,1.067520260810852,243.43495178222656,135.0
CL108101049,-28.39746,1.0127503871917725,225.0,136.0
CL108101049,-30.98584,0.9548412561416626,180.0,136.0
CL108101049,-35.266113,1.350224494934082,225.0,136.0
CL108101049,-32.55371,2.1342999935150146,243.43495178222656,137.0
CL108101049,-35.72461,1.067520260810852,206.56504821777344,138.0
CL108101049,-31.20752,1.39176344871521,120.96375274658203,137.0
CL108101049,-24.212402,1.2171181440353394,101.30992889404297,137.0
CL108101049,-21.757324,0.3376147150993347,315.0,136.0
CL108101049,-22.270996,1.067520260810852,296.5650634765625,137.0
CL108101049,-22.65039,0.6752060055732727,315.0,137.0
CL108101049,-25.203125,1.8175220489501953,293.1985778808594,137.0
CL108101049,-23.395508,3.0169613361358643,288.4349365234375,139.0
CL108101049,-6.9506836,2.456394672393799,60.945396423339844,136.0
CL108101049,-9.226074,3.7692439556121826,71.56504821777344,134.0
CL108101049,-16.718262,2.635026454925537,84.80557250976562,132.0
CL108101049,-19.23291,0.9548412561416626,180.0,131.0
CL108101049,-24.83252,3.199601411819458,243.43495178222656,132.0
CL108101049,-23.082031,3.1818127632141113,257.00537109375,134.0
CL108101049,-30.587402,1.2171181440353394,281.3099365234375,135.0
CL108101049,-34.071777,0.0,270.0,135.0
CL108101049,-37.96338,0.754894495010376,161.56504821777344,135.0
CL108101049,-34.82422,1.350224494934082,225.0,135.0
CL108101049,-32.804688,2.2636361122131348,251.56504821777344,136.0
CL108101049,-37.311035,0.9548412561416626,270.0,137.0
CL108101049,-29.734375,1.067520260810852,63.4349479675293,137.0
CL108101049,-20.058105,1.067520260810852,63.4349479675293,136.0
CL108101049,-15.001953,1.0127503871917725,315.0,136.0
CL108101049,-19.21582,1.0127503871917725,315.0,137.0
CL108101049,-24.737305,0.3376147150993347,315.0,137.0
CL108101049,-26.834473,1.9091523885726929,270.0,138.0
CL108101049,-24.776367,2.862405300140381,270.0,139.0
CL108101049,-1.6362305,0.754894495010376,251.56504821777344,137.0
CL108101049,-8.322754,1.6876049041748047,81.8698959350586,136.0
CL108101049,-11.590332,3.471741199493408,74.05460357666016,135.0
CL108101049,-11.195801,3.5204050540924072,61.69924545288086,132.0
CL108101049,-13.5859375,1.721006155014038,33.690067291259766,131.0
CL108101049,-22.379883,2.433138847351074,281.3099365234375,131.0
CL108101049,-20.20459,4.058664321899414,273.366455078125,134.0
CL108101049,-28.546387,1.8175220489501953,293.1985778808594,136.0
CL108101049,-33.387695,1.0127503871917725,45.0,136.0
CL108101049,-33.836426,0.754894495010376,71.56504821777344,135.0
CL108101049,-26.833008,0.9548412561416626,270.0,135.0
CL108101049,-23.222656,2.635026454925537,275.1944274902344,136.0
CL108101049,-25.3667,2.1342999935150146,296.5650634765625,138.0
CL108101049,-31.941895,1.9678637981414795,14.036243438720703,138.0
CL108101049,-24.681152,2.719923257827759,15.255118370056152,137.0
CL108101049,-17.440918,2.719923257827759,344.744873046875,137.0
CL108101049,-19.645508,1.9091523885726929,0.0,138.0
CL108101049,-23.626465,1.0127503871917725,45.0,137.0
CL108101049,-24.96875,1.5095269680023193,251.56504821777344,137.0
CL108101049,-24.70752,2.781886339187622,239.03623962402344,139.0
CL108101049,-8.169434,1.9678637981414795,284.0362548828125,135.0
CL108101049,-2.3496094,0.6752060055732727,225.0,136.0
CL108101049,-11.149414,1.39176344871521,120.96375274658203,136.0
CL108101049,-11.963867,1.9678637981414795,75.96375274658203,135.0
CL108101049,-7.489258,3.0543699264526367,38.65980911254883,134.0
CL108101049,-8.1796875,3.6313934326171875,23.198591232299805,133.0
CL108101049,-14.777832,2.882181167602539,335.5560302734375,132.0
CL108101049,-18.10254,3.471741199493408,285.9454040527344,134.0
CL108101049,-27.932617,1.5095269680023193,251.56504821777344,136.0
CL108101049,-33.56787,1.0127503871917725,135.0,136.0
CL108101049,-26.46045,0.754894495010376,108.43495178222656,135.0
CL108101049,-21.82129,0.9548412561416626,270.0,135.0
CL108101049,-14.183594,2.635026454925537,264.8055725097656,136.0
CL108101049,-19.799805,2.433138847351074,258.6900634765625,138.0
CL108101049,-35.42578,0.4774537682533264,270.0,139.0
CL108101049,-29.893555,0.9548412561416626,0.0,139.0
CL108101049,-20.350098,1.5095269680023193,341.5650634765625,139.0
CL108101049,-16.688477,1.5095269680023193,18.434947967529297,139.0
CL108101049,-19.916016,2.0248682498931885,45.0,138.0
CL108101049,-19.32666,0.754894495010376,341.5650634765625,137.0
CL108101049,0.21582031,1.8175220489501953,336.8014221191406,135.0
CL108101049,-6.0615234,1.721006155014038,326.3099365234375,136.0
CL108101049,-5.117676,0.9548412561416626,90.0,136.0
CL108101049,-8.371094,1.350224494934082,135.0,135.0
CL108101049,-11.57666,0.0,270.0,135.0
CL108101049,-11.495117,1.6876049041748047,8.130102157592773,135.0
CL108101049,-12.859863,2.882181167602539,24.443954467773438,135.0
CL108101049,-14.032227,2.385944128036499,0.0,134.0
CL108101049,-20.37207,1.721006155014038,303.6900634765625,135.0
CL108101049,-23.92334,0.6752060055732727,225.0,135.0
CL108101049,-33.09131,0.754894495010376,161.56504821777344,135.0
CL108101049,-25.73877,0.3376147150993347,135.0,135.0
CL108101049,-23.000488,0.9548412561416626,270.0,135.0
CL108101049,-17.277832,1.9678637981414795,255.96376037597656,136.0
CL108101049,-24.792969,2.3619914054870605,225.0,137.0
CL108101049,-31.223145,2.456394672393799,209.0546112060547,138.0
CL108101049,-23.711914,1.721006155014038,213.6900634765625,138.0
CL108101049,-16.63086,1.067520260810852,206.56504821777344,139.0
CL108101049,-16.54248,0.754894495010376,161.56504821777344,139.0
CL108101049,-20.921875,0.754894495010376,71.56504821777344,139.0
CL108101049,-2.2143555,1.39176344871521,329.0362548828125,136.0
CL108101049,-4.370117,0.4774537682533264,0.0,137.0
CL108101049,-6.279297,1.9091523885726929,90.0,136.0
CL108101049,-5.2822266,0.9548412561416626,90.0,134.0
CL108101049,-13.222656,1.5095269680023193,288.4349365234375,135.0
CL108101049,-19.600098,1.721006155014038,326.3099365234375,136.0
CL108101049,-19.614258,2.1342999935150146,26.565052032470703,136.0
CL108101049,-18.171875,1.721006155014038,33.690067291259766,135.0
CL108101049,-18.94873,0.4774537682533264,0.0,135.0
CL108101049,-20.05664,0.0,270.0,135.0
CL108101049,-27.881836,0.3376147150993347,135.0,135.0
CL108101049,-23.041992,0.754894495010376,161.56504821777344,135.0
CL108101049,-22.060547,1.350224494934082,225.0,135.0
CL108101049,-21.111816,1.721006155014038,236.3099365234375,136.0
CL108101049,-31.40625,1.39176344871521,210.96376037597656,136.0
CL108101049,-32.144043,2.0248682498931885,225.0,136.0
CL108101049,-30.654297,2.0527751445770264,234.4623260498047,138.0
CL108101049,-27.15039,1.067520260810852,206.56504821777344,138.0
CL108101049,-6.76416,0.6752060055732727,315.0,137.0
CL108101049,-2.053711,0.754894495010376,71.56504821777344,136.0
CL108101049,-2.097168,1.5095269680023193,71.56504821777344,136.0
CL108101049,-2.5126953,1.39176344871521,30.963756561279297,135.0
CL108101049,-14.349121,1.721006155014038,303.6900634765625,135.0
CL108101049,-17.970215,1.5095269680023193,288.4349365234375,137.0
CL108101049,-17.899414,1.067520260810852,26.565052032470703,137.0
CL108101049,-18.632324,2.0527751445770264,54.46232223510742,136.0
CL108101049,-16.057617,1.067520260810852,63.4349479675293,135.0
CL108101049,-18.510742,0.0,270.0,135.0
CL108101049,-26.375488,0.754894495010376,108.43495178222656,135.0
CL108101049,-20.154785,1.0127503871917725,135.0,134.0
CL108101049,-19.920898,1.39176344871521,210.96376037597656,134.0
CL108101049,-25.276367,2.0248682498931885,225.0,135.0
CL108101049,-35.365723,1.39176344871521,210.96376037597656,136.0
CL108101049,-34.96924,1.6876049041748047,225.0,136.0
CL108101049,-38.154297,2.385944128036499,233.13009643554688,137.0
CL108101049,-7.611328,0.6752060055732727,315.0,137.0
CL108101049,-3.7089844,1.0127503871917725,45.0,137.0
CL108101049,-6.8867188,1.39176344871521,30.963756561279297,136.0
CL108101049,-11.07373,1.5095269680023193,18.434947967529297,136.0
CL108101049,-14.442383,0.754894495010376,341.5650634765625,136.0
CL108101049,-13.055176,1.2171181440353394,258.6900634765625,136.0
CL108101049,-16.376953,0.3376147150993347,225.0,137.0
CL108101049,-20.599121,1.9091523885726929,90.0,137.0
CL108101049,-17.942383,1.432096242904663,90.0,135.0
CL108101049,-18.245117,0.0,270.0,135.0
CL108101049,-24.473145,0.9548412561416626,90.0,135.0
CL108101049,-21.480957,0.9548412561416626,90.0,134.0
CL108101049,-20.512207,0.3376147150993347,225.0,134.0
CL108101049,-27.504883,1.39176344871521,239.03623962402344,134.0
CL108101049,-30.97754,1.350224494934082,225.0,135.0
CL108101049,-34.958984,1.350224494934082,225.0,135.0
CL108101049,-38.05127,2.0527751445770264,234.4623260498047,136.0
CL108101049,-7.8847656,0.9548412561416626,0.0,137.0
CL108101049,-11.320801,0.754894495010376,71.56504821777344,137.0
CL108101049,-14.812988,0.4774537682533264,90.0,137.0
CL108101049,-17.50293,0.4774537682533264,90.0,137.0
CL108101049,-16.302246,0.4774537682533264,90.0,136.0
CL108101049,-13.916504,0.754894495010376,251.56504821777344,136.0
CL108101049,-17.27832,0.754894495010376,198.43495178222656,137.0
CL108101049,-21.681152,1.8175220489501953,113.19859313964844,136.0
CL108101049,-19.011719,1.5095269680023193,108.43495178222656,135.0
CL108101049,-19.586914,0.754894495010376,161.56504821777344,135.0
CL108101049,-20.8833,1.0127503871917725,135.0,135.0
CL108101049,-24.405273,0.754894495010376,108.43495178222656,134.0
CL108101049,-23.681152,0.0,270.0,134.0
CL108101049,-28.125977,0.9548412561416626,270.0,134.0
CL108101049,-26.379883,0.9548412561416626,270.0,135.0
CL108101049,-31.458496,0.9548412561416626,270.0,135.0
CL108101049,-13.066895,2.385944128036499,53.130104064941406,137.0
CL108101049,-11.097168,1.8175220489501953,113.19859313964844,136.0
CL108101049,-13.711426,1.9678637981414795,165.96376037597656,136.0
CL108101049,-22.857422,1.2171181440353394,191.3099365234375,136.0
CL108101049,-21.623047,0.6752060055732727,225.0,136.0
CL108101049,-18.46289,0.4774537682533264,180.0,136.0
CL108101049,-17.125977,1.2171181440353394,101.30992889404297,136.0
CL108101049,-18.16504,1.6876049041748047,98.1301040649414,135.0
CL108101049,-10.187988,3.7692439556121826,55.304847717285156,139.0
CL108101049,-4.951172,3.7692439556121826,71.56504821777344,136.0
CL108101049,-8.171875,0.754894495010376,71.56504821777344,134.0
CL108101049,-24.979492,0.9548412561416626,270.0,135.0
CL108101049,-26.941406,0.754894495010376,288.4349365234375,136.0
CL108101049,-21.298828,0.754894495010376,341.5650634765625,136.0
CL108101049,-5.260742,3.843668222427368,60.25511932373047,137.0
CL108101049,-5.060547,3.0169613361358643,18.434947967529297,136.0
CL108101049,-13.626953,1.9091523885726929,0.0,136.0
CL108101049,-33.018066,1.0127503871917725,315.0,136.0
CL108101049,-4.2626953,1.5095269680023193,71.56504821777344,138.0
CL108101049,-3.3452148,1.721006155014038,33.690067291259766,138.0
CL108101049,-11.359863,1.721006155014038,56.309932708740234,137.0
CL108101049,3.6464844,0.4774537682533264,180.0,138.0
CL108101049,1.6625977,0.754894495010376,71.56504821777344,138.0
CL108101049,-12.549316,1.8175220489501953,66.80140686035156,137.0
CL108101049,-24.437012,1.067520260810852,333.4349365234375,136.0
CL108101049,11.085449,0.3376147150993347,315.0,138.0
CL108105003,-1.6577148,-9999.0,-9999.0,3.3999999521443642e+38
CL108105003,11.832031,-9999.0,-9999.0,3.3999999521443642e+38
CL108105003,8.431152,-9999.0,-9999.0,3.3999999521443642e+38
CL108105003,18.13916,-9999.0,-9999.0,3.3999999521443642e+38
CL108105003,10.188477,-9999.0,-9999.0,3.3999999521443642e+38
CL108105003,11.218262,-9999.0,-9999.0,3.3999999521443642e+38
CL108105003,0.80126953,-9999.0,-9999.0,3.3999999521443642e+38
CL108105003,1.090332,-9999.0,-9999.0,3.3999999521443642e+38
CL108105003,3.0898438,-9999.0,-9999.0,3.3999999521443642e+38
CL108105003,-0.6904297,-9999.0,-9999.0,3.3999999521443642e+38
CL108105003,-5.0629883,-9999.0,-9999.0,3.3999999521443642e+38
CL108105003,-7.614258,-9999.0,-9999.0,3.3999999521443642e+38
CL108105003,-6.852539,-9999.0,-9999.0,3.3999999521443642e+38
CL108105003,-2.3129883,-9999.0,-9999.0,3.3999999521443642e+38
CL108105003,-3.0078125,-9999.0,-9999.0,3.3999999521443642e+38
CL108105003,-7.9140625,-9999.0,-9999.0,3.3999999521443642e+38
CL108105003,-11.750488,-9999.0,-9999.0,3.3999999521443642e+38
CL108105003,-15.233398,-9999.0,-9999.0,3.3999999521443642e+38
CL108105003,-15.781738,-9999.0,-9999.0,3.3999999521443642e+38
CL108105003,-11.578125,-9999.0,-9999.0,3.3999999521443642e+38
CL108105003,-7.9941406,-9999.0,-9999.0,3.3999999521443642e+38
CL108105003,-5.4506836,-9999.0,-9999.0,3.3999999521443642e+38
CL108105003,-0.052734375,0.4774537682533264,0.0,137.0
CL108105003,7.9472656,0.3376147150993347,45.0,137.0
CL108105003,10.947266,0.754894495010376,108.43495178222656,137.0
CL108105003,9.947266,1.432096242904663,90.0,136.0
CL108105003,3.9472656,0.754894495010376,71.56504821777344,135.0
CL108105003,-6.0527344,1.2171181440353394,281.3099365234375,135.0
CL108105003,-12.052734,2.1342999935150146,243.43495178222656,137.0
CL108105003,-16.052734,1.350224494934082,225.0,138.0
CL108105003,-18.052734,0.3376147150993347,225.0,138.0
CL108105003,-20.138184,0.0,270.0,138.0
CL108105003,-12.057129,0.3376147150993347,135.0,138.0
CL108105003,2.9472656,0.754894495010376,288.4349365234375,137.0
CL108105003,10.947266,0.754894495010376,341.5650634765625,138.0
CL108105003,14.947266,1.067520260810852,26.565052032470703,137.0
CL108105003,14.947266,1.350224494934082,45.0,137.0
CL108105003,14.947266,2.1342999935150146,63.4349479675293,136.0
CL108105003,10.947266,1.350224494934082,45.0,135.0
CL108105003,-1.0527344,1.39176344871521,300.9637451171875,135.0
CL108105003,-6.0527344,2.1607890129089355,276.3401794433594,136.0
CL108105003,-7.0527344,1.432096242904663,270.0,137.0
CL108105003,-7.0527344,0.4774537682533264,270.0,138.0
CL108105003,-13.052734,0.0,270.0,138.0
CL108105003,-15.052734,0.4774537682533264,90.0,138.0
CL108105003,4.9472656,0.3376147150993347,225.0,137.0
CL108105003,12.947266,0.9548412561416626,270.0,137.0
CL108105003,17.947266,0.754894495010376,288.4349365234375,138.0
CL108105003,20.709473,0.6752060055732727,45.0,138.0
CL108105003,18.824219,1.067520260810852,63.4349479675293,138.0
CL108105003,16.131348,1.8175220489501953,66.80140686035156,137.0
CL108105003,14.896973,1.350224494934082,45.0,136.0
CL108105003,6.9472656,1.350224494934082,315.0,136.0
CL108105003,4.9472656,2.1342999935150146,296.5650634765625,137.0
CL108105003,5.9472656,1.39176344871521,300.9637451171875,138.0
CL108105003,5.9472656,0.3376147150993347,315.0,138.0
CL108105003,-3.0527344,0.3376147150993347,315.0,138.0
CL108105003,-10.052734,0.9548412561416626,0.0,138.0
CL108105003,-12.052734,1.432096242904663,0.0,138.0
CL108105003,-12.060059,1.067520260810852,333.4349365234375,138.0
CL108105003,-6.345215,0.0,270.0,138.0
CL108105003,-3.3242188,0.6752060055732727,225.0,138.0
CL108105003,12.314453,1.0127503871917725,225.0,137.0
CL108105003,15.099609,1.2171181440353394,258.6900634765625,137.0
CL108105003,14.403809,1.350224494934082,135.0,137.0
CL108105003,9.435547,1.39176344871521,120.96375274658203,137.0
CL108105003,12.715332,0.754894495010376,108.43495178222656,136.0
CL108105003,11.216309,0.754894495010376,251.56504821777344,136.0
CL108105003,10.216309,1.8175220489501953,246.80140686035156,137.0
CL108105003,11.268555,1.39176344871521,239.03623962402344,138.0
CL108105003,10.92041,0.3376147150993347,225.0,138.0
CL108105003,2.9472656,0.3376147150993347,225.0,138.0
CL108105003,-6.0527344,0.754894495010376,198.43495178222656,139.0
CL108105003,-11.052734,0.754894495010376,198.43495178222656,139.0
CL108105003,-14.052734,0.3376147150993347,225.0,139.0
CL108105003,-13.058105,0.4774537682533264,90.0,139.0
CL108105003,-6.864258,0.4774537682533264,270.0,138.0
CL108105003,-4.436035,1.432096242904663,270.0,139.0
CL108105003,4.505371,1.0127503871917725,225.0,136.0
CL108105003,0.016601562,1.721006155014038,236.3099365234375,137.0
CL108105003,-0.052734375,1.350224494934082,135.0,137.0
CL108105003,-1.0527344,1.0127503871917725,135.0,136.0
CL108105003,-2.0527344,0.6752060055732727,135.0,136.0
CL108105003,-5.0527344,0.9548412561416626,180.0,136.0
CL108105003,-6.0527344,2.0527751445770264,215.5376739501953,136.0
CL108105003,-2.5454102,2.3619914054870605,225.0,137.0
CL108105003,2.8164062,1.350224494934082,225.0,138.0
CL108105003,-0.41455078,0.754894495010376,161.56504821777344,138.0
CL108105003,-5.4746094,2.1342999935150146,153.43495178222656,137.0
CL108105003,-9.052734,3.109632968902588,184.39871215820312,137.0
CL108105003,-12.052734,3.0169613361358643,198.43495178222656,138.0
CL108105003,-14.052734,1.9091523885726929,180.0,138.0
CL108105003,-11.661621,1.39176344871521,210.96376037597656,138.0
CL108105003,-4.78125,1.8175220489501953,246.80140686035156,139.0
CL108105003,-2.0527344,1.721006155014038,146.3099365234375,136.0
CL108105003,-3.0527344,1.5095269680023193,161.56504821777344,136.0
CL108105003,-4.0527344,1.8175220489501953,156.80140686035156,136.0
CL108105003,-4.0527344,1.9678637981414795,165.96376037597656,135.0
CL108105003,-4.0527344,2.0527751445770264,215.5376739501953,135.0
CL108105003,-5.0527344,2.456394672393799,240.9453887939453,136.0
CL108105003,-13.052734,1.8175220489501953,246.80140686035156,137.0
CL108105003,-18.471191,0.6752060055732727,135.0,138.0
CL108105003,-14.933594,2.569502830505371,111.80140686035156,137.0
CL108105003,-6.7646484,1.6876049041748047,171.86990356445312,135.0
CL108105003,-7.0527344,2.3619914054870605,225.0,136.0
CL108105003,-9.052734,1.39176344871521,210.96376037597656,137.0
CL108105003,-11.725586,1.350224494934082,225.0,137.0
CL108105003,-10.209961,2.1342999935150146,243.43495178222656,138.0
CL108105003,-7.446289,1.6876049041748047,225.0,139.0
CL108105003,-5.0527344,2.1342999935150146,153.43495178222656,135.0
CL108105003,-4.0527344,2.569502830505371,158.19859313964844,134.0
CL108105003,-2.0527344,1.9091523885726929,180.0,134.0
CL108105003,-1.0527344,2.0527751445770264,234.4623260498047,134.0
CL108105003,-2.0527344,2.719923257827759,254.74488830566406,136.0
CL108105003,-8.052734,1.9678637981414795,255.96376037597656,137.0
CL108105003,-14.052734,0.6752060055732727,135.0,138.0
CL108105003,-16.079102,2.1607890129089355,83.65980529785156,136.0
CL108105003,-13.196777,1.2171181440353394,11.309932708740234,135.0
CL108105003,-4.8085938,1.721006155014038,303.6900634765625,136.0
CL108105003,-5.0527344,1.067520260810852,296.5650634765625,137.0
CL108105003,-10.891602,1.067520260810852,296.5650634765625,137.0
CL108105003,-12.589355,1.432096242904663,270.0,138.0
CL108105003,-7.1904297,1.2171181440353394,191.3099365234375,139.0
CL108105003,-3.0527344,2.385944128036499,126.8698959350586,134.0
CL108105003,-1.0527344,2.1342999935150146,153.43495178222656,133.0
CL108105003,0.9472656,1.8175220489501953,203.19859313964844,133.0
CL108105003,1.9472656,2.385944128036499,233.13009643554688,134.0
CL108105003,-0.052734375,3.109632968902588,237.52880859375,135.0
CL108105003,-3.0527344,2.698951005935669,225.0,137.0
CL108105003,-6.0527344,1.2171181440353394,191.3099365234375,137.0
CL108105003,-8.052734,0.754894495010376,18.434947967529297,137.0
CL108105003,-9.170898,2.1607890129089355,353.6598205566406,137.0
CL108105003,-10.939941,1.9678637981414795,345.9637451171875,137.0
CL108105003,-3.8989258,1.721006155014038,326.3099365234375,137.0
CL108105003,-9.052734,1.39176344871521,329.0362548828125,138.0
CL108105003,-12.475098,0.0,270.0,138.0
CL108105003,-7.359375,1.39176344871521,149.03623962402344,138.0
CL108105003,-1.0527344,2.569502830505371,111.80140686035156,133.0
CL108105003,2.9472656,1.6876049041748047,135.0,132.0
CL108105003,3.9472656,2.698951005935669,225.0,133.0
CL108105003,1.9472656,3.0357236862182617,225.0,134.0
CL108105003,-0.052734375,3.109632968902588,212.47119140625,135.0
CL108105003,-4.0527344,2.781886339187622,210.96376037597656,136.0
CL108105003,-7.0527344,2.0527751445770264,234.4623260498047,137.0
CL108105003,-7.0527344,0.754894495010376,251.56504821777344,138.0
CL108105003,-7.26416,0.3376147150993347,315.0,138.0
CL108105003,-9.552734,1.39176344871521,300.9637451171875,138.0
CL108105003,-10.89502,0.754894495010376,341.5650634765625,139.0
CL108105003,-14.660645,1.432096242904663,90.0,138.0
CL108105003,1.4379883,2.1607890129089355,96.34019470214844,133.0
CL108105003,3.8632812,1.8175220489501953,246.80140686035156,132.0
CL108105003,2.2514648,2.0527751445770264,234.4623260498047,133.0
CL108105003,-0.052734375,2.1342999935150146,206.56504821777344,134.0
CL108105003,-4.0527344,3.0543699264526367,218.65980529785156,134.0
CL108105003,-9.052734,3.3890671730041504,230.71058654785156,136.0
CL108105003,-9.052734,2.1342999935150146,206.56504821777344,137.0
CL108105003,-7.0527344,1.8175220489501953,203.19859313964844,137.0
CL108105003,-13.158691,2.0527751445770264,234.4623260498047,138.0
CL108105003,-14.838379,0.754894495010376,198.43495178222656,139.0
CL108105003,-5.4277344,1.0127503871917725,315.0,132.0
CL108105003,-5.7651367,1.067520260810852,243.43495178222656,133.0
CL108105003,-3.3188477,1.067520260810852,206.56504821777344,133.0
CL108105003,-5.2788086,2.1342999935150146,243.43495178222656,133.0
CL108105003,-7.0527344,2.882181167602539,245.55604553222656,135.0
CL108105003,-8.052734,1.8175220489501953,203.19859313964844,136.0
CL108105003,-9.052734,2.0527751445770264,215.5376739501953,136.0
CL108105003,-16.052734,2.385944128036499,233.13009643554688,137.0
CL108105003,-17.802246,1.5095269680023193,198.43495178222656,138.0
CL108105003,-21.052734,1.5095269680023193,18.434947967529297,133.0
CL108105003,-22.052734,0.4774537682533264,0.0,132.0
CL108105003,-19.060547,0.4774537682533264,270.0,133.0
CL108105003,-14.322266,1.6876049041748047,261.8699035644531,133.0
CL108105003,-8.712891,2.2636361122131348,251.56504821777344,135.0
CL108105003,-8.041504,1.067520260810852,206.56504821777344,135.0
CL108105003,-10.052734,1.721006155014038,236.3099365234375,135.0
CL108105003,-15.052734,2.0527751445770264,234.4623260498047,137.0
CL108105003,-15.527344,1.6876049041748047,188.13009643554688,137.0
CL108105003,-19.052734,1.6876049041748047,225.0,133.0
CL108105003,-22.466309,2.456394672393799,240.9453887939453,134.0
CL108105003,-13.670898,1.067520260810852,243.43495178222656,135.0
CL108105003,-10.512695,1.2171181440353394,258.6900634765625,135.0
CL108105003,-13.052734,1.39176344871521,239.03623962402344,136.0
CL108105003,-13.052734,0.9548412561416626,180.0,136.0
CL108105003,-4.3046875,1.0127503871917725,225.0,136.0
CL108105003,-23.052734,3.109632968902588,237.52880859375,133.0
CL108105003,-26.550293,2.1342999935150146,243.43495178222656,135.0
CL108105003,-18.92871,1.067520260810852,243.43495178222656,135.0
CL108105003,-8.490723,1.0127503871917725,225.0,136.0
CL108105003,-6.188965,0.9548412561416626,180.0,136.0
CL108105003,-0.40576172,1.350224494934082,225.0,136.0
CL108105003,-23.052734,3.1818127632141113,257.00537109375,134.0
CL108105003,-22.365234,1.2171181440353394,281.3099365234375,135.0
CL108105003,-13.964844,0.0,270.0,135.0
CL108105003,-2.3261719,0.754894495010376,161.56504821777344,135.0
CL108105003,4.8344727,1.350224494934082,225.0,135.0
CL108105003,-20.052734,1.8175220489501953,293.1985778808594,136.0
CL108105003,-18.913086,1.0127503871917725,45.0,136.0
CL108105003,-9.418457,0.754894495010376,71.56504821777344,135.0
CL108105003,-17.052734,1.5095269680023193,251.56504821777344,136.0
CL108105003,-17.037598,1.0127503871917725,135.0,136.0
CL108105003,-15.052734,0.6752060055732727,225.0,135.0
CL108130009,23.919922,0.754894495010376,341.5650634765625,145.0
CL108130009,19.969238,0.754894495010376,161.56504821777344,145.0
CL108130009,14.926758,1.067520260810852,153.43495178222656,144.0
CL108130009,6.9472656,1.067520260810852,153.43495178222656,144.0
CL108130009,2.9472656,0.754894495010376,161.56504821777344,144.0
CL108130009,3.5742188,0.4774537682533264,270.0,144.0
CL108130009,4.003418,0.3376147150993347,135.0,144.0
CL108130009,-0.6381836,1.0127503871917725,135.0,144.0
CL108130009,-5.664551,0.754894495010376,198.43495178222656,143.0
CL108130009,-0.64941406,1.432096242904663,270.0,144.0
CL108130009,-0.7236328,0.754894495010376,288.4349365234375,144.0
CL108130009,-4.4648438,0.754894495010376,108.43495178222656,144.0
CL108130009,-9.684082,0.754894495010376,108.43495178222656,143.0
CL108130009,-6.3740234,0.754894495010376,288.4349365234375,143.0
CL108130009,-2.8779297,1.9678637981414795,284.0362548828125,144.0
CL108130009,-0.052734375,1.8175220489501953,293.1985778808594,145.0
CL108130009,4.2250977,1.2171181440353394,348.6900634765625,144.0
CL108130009,0.30615234,1.350224494934082,45.0,144.0
CL108130009,-4.6469727,1.2171181440353394,11.309932708740234,143.0
CL108130009,-7.0527344,2.0527751445770264,324.4623107910156,144.0
CL108130009,-10.052734,2.3619914054870605,315.0,144.0
CL108130009,-9.052734,1.721006155014038,303.6900634765625,146.0
CL108130009,-3.880371,1.067520260810852,296.5650634765625,145.0
CL108130009,-5.105957,0.754894495010376,341.5650634765625,145.0
CL108130009,-5.7539062,1.39176344871521,30.963756561279297,145.0
CL108130009,-15.052734,1.6876049041748047,351.8699035644531,144.0
CL108130009,-16.052734,2.719923257827759,322.1250305175781,145.0
CL108130009,-17.052734,2.1342999935150146,333.4349365234375,146.0
CL108130009,-17.052734,0.754894495010376,341.5650634765625,146.0
CL108130009,-14.052734,1.067520260810852,116.56504821777344,146.0
CL108130009,-5.4335938,0.4774537682533264,270.0,144.0
CL108130009,-11.052246,0.6752060055732727,225.0,145.0
CL108130009,-9.390137,0.0,270.0,145.0
CL108130009,-26.333008,0.6752060055732727,315.0,145.0
CL108130009,-23.052734,1.6876049041748047,278.1300964355469,146.0
CL108130009,-23.052734,0.4774537682533264,270.0,147.0
CL108130009,-26.052734,0.754894495010376,108.43495178222656,146.0
CL108130009,-23.052734,1.5095269680023193,108.43495178222656,146.0
CL108130009,-11.438477,1.067520260810852,333.4349365234375,145.0
CL108130009,-17.148926,0.754894495010376,18.434947967529297,145.0
CL108130009,-18.358398,0.3376147150993347,315.0,144.0
CL108130009,-19.829102,0.754894495010376,288.4349365234375,145.0
CL108130009,-33.57373,0.3376147150993347,315.0,145.0
CL108130009,-34.60254,1.0127503871917725,225.0,145.0
CL108130009,-33.052734,1.5095269680023193,198.43495178222656,146.0
CL108130009,-39.052734,1.39176344871521,149.03623962402344,146.0
CL108130009,-35.052734,1.067520260810852,116.56504821777344,145.0
CL108130009,-13.881348,0.4774537682533264,180.0,145.0
CL108130009,-26.99707,0.4774537682533264,180.0,145.0
CL108130009,-36.666016,0.6752060055732727,315.0,145.0
CL108130009,-32.052734,1.6876049041748047,315.0,145.0
CL108130009,-29.769531,1.432096242904663,0.0,146.0
CL108130009,-40.947754,1.0127503871917725,45.0,145.0
CL108130009,-44.052734,0.4774537682533264,180.0,145.0
CL108130009,-47.052734,1.067520260810852,153.43495178222656,145.0
CL108130009,-20.61084,1.350224494934082,135.0,144.0
CL108130009,-29.83545,1.5095269680023193,198.43495178222656,144.0
CL108130009,-42.29492,1.8175220489501953,246.80140686035156,145.0
CL108130009,-40.515137,1.9678637981414795,284.0362548828125,146.0
CL108130009,-33.052734,1.2171181440353394,348.6900634765625,147.0
CL108130009,-37.313477,2.0527751445770264,54.46232223510742,146.0
CL108130009,-22.04541,2.0248682498931885,45.0,145.0
CL108130009,-29.761719,2.3619914054870605,45.0,144.0
CL108130009,-34.095703,0.754894495010376,18.434947967529297,143.0
CL108130009,-37.106934,1.9678637981414795,255.96376037597656,144.0
CL108130009,-41.279297,2.569502830505371,248.19859313964844,146.0
CL108130009,-27.691895,1.9091523885726929,0.0,147.0
CL108130009,-30.740723,3.6313934326171875,23.198591232299805,146.0
CL108130009,-32.952637,3.5204050540924072,28.300756454467773,145.0
CL108130009,-36.324707,1.2171181440353394,348.6900634765625,144.0
CL108130009,-25.90918,1.5095269680023193,251.56504821777344,147.0
CL108130009,-27.611328,0.754894495010376,18.434947967529297,148.0
CL108130009,-25.409668,2.719923257827759,52.12501525878906,147.0
