glacier_id,dH,slope,aspect,elevation
CL108130010@,13.705566,1.721006155014038,33.690067291259766,145.0
CL108130010@,11.633301,1.6876049041748047,351.8699035644531,145.0
CL108130010@,12.459473,1.2171181440353394,11.309932708740234,146.0
CL108130010@,12.402344,1.2171181440353394,11.309932708740234,146.0
CL108130010@,10.286621,0.9548412561416626,0.0,146.0
CL108130010@,11.544922,0.9548412561416626,0.0,147.0
CL108130010@,7.493164,1.0127503871917725,45.0,146.0
CL108130010@,9.469238,0.3376147150993347,45.0,146.0
CL108130010@,4.929199,0.4774537682533264,0.0,147.0
CL108130010@,2.15625,1.067520260810852,63.4349479675293,147.0
CL108130010@,5.319824,0.754894495010376,71.56504821777344,146.0
CL108130010@,6.810547,0.0,270.0,146.0
CL108130010@,4.6606445,0.3376147150993347,315.0,147.0
CL108130010@,2.543457,0.3376147150993347,135.0,147.0
CL108130010@,4.498047,1.067520260810852,116.56504821777344,147.0
CL108130010@,4.625,0.754894495010376,108.43495178222656,146.0
CL108130010@,4.17334,0.0,270.0,146.0
CL108130010@,1.3847656,0.0,270.0,147.0
CL108130010@,1.8032227,1.067520260810852,116.56504821777344,147.0
CL108130010@,8.099609,1.350224494934082,135.0,146.0
CL108130010@,6.5283203,0.4774537682533264,180.0,146.0
CL108130010@,-0.45654297,0.3376147150993347,135.0,147.0
CL108130010@,-9.933105,0.754894495010376,161.56504821777344,147.0
CL108130010@,-9.187988,1.39176344871521,120.96375274658203,147.0
CL108130010@,-3.909668,0.754894495010376,108.43495178222656,145.0
CL108130010@,-2.5581055,0.4774537682533264,270.0,146.0
CL108130010@,7.305176,1.0127503871917725,225.0,147.0
CL108130010@,-4.9819336,1.067520260810852,153.43495178222656,147.0
CL108130010@,-7.7592773,1.067520260810852,153.43495178222656,146.0
CL108130010@,-8.535645,0.6752060055732727,135.0,146.0
CL108130010@,-7.6308594,0.3376147150993347,45.0,146.0
CL108130010@,-8.164551,0.3376147150993347,315.0,146.0
CL108130010@,2.3901367,1.067520260810852,206.56504821777344,146.0
CL108130010@,-4.614746,0.754894495010376,161.56504821777344,146.0
CL108130010@,-9.53418,0.3376147150993347,135.0,146.0
CL108130010@,-13.564941,0.3376147150993347,315.0,146.0
CL108130010@,-13.549805,0.4774537682533264,0.0,146.0
CL108130010@,0.1538086,0.6752060055732727,225.0,146.0
CL108130010@,-6.4970703,0.4774537682533264,180.0,146.0
CL108130010@,-10.859863,0.3376147150993347,225.0,146.0
CL108130010@,-12.838379,0.4774537682533264,270.0,146.0
CL108130010@,-15.826172,0.3376147150993347,135.0,147.0
CL108130010@,-2.2504883,1.9678637981414795,284.0362548828125,145.0
CL108130010@,-11.9609375,0.0,270.0,146.0
CL108130010@,-9.806152,0.754894495010376,161.56504821777344,145.0
CL108130010@,-6.7543945,1.0127503871917725,225.0,146.0
CL108130010@,-7.371582,0.6752060055732727,225.0,146.0
CL108130010@,-10.475586,1.350224494934082,135.0,146.0
CL108130010@,-7.4057617,1.8175220489501953,293.1985778808594,146.0
CL108130010@,-10.42627,0.754894495010376,71.56504821777344,146.0
CL108130010@,-9.40918,0.4774537682533264,90.0,145.0
CL108130010@,-6.78125,0.9548412561416626,270.0,145.0
CL108130010@,-8.165039,0.3376147150993347,225.0,146.0
CL108130010@,-9.845703,1.8175220489501953,113.19859313964844,146.0
CL108130010@,-6.8911133,1.2171181440353394,281.3099365234375,146.0
CL108130010@,-13.55957,0.754894495010376,71.56504821777344,146.0
CL108130010@,-18.392578,0.754894495010376,18.434947967529297,145.0
CL108130010@,-15.928223,1.0127503871917725,315.0,146.0
CL108130010@,-15.938477,0.4774537682533264,90.0,146.0
CL108130010@,-7.936035,0.754894495010376,71.56504821777344,146.0
CL108130010@,-16.396973,1.067520260810852,26.565052032470703,146.0
CL108130010@,-10.512207,1.0127503871917725,45.0,147.0
CL108130010@,-16.919434,1.0127503871917725,135.0,147.0
CL108130010@,-20.46582,1.2171181440353394,168.6900634765625,146.0
CL108130010@,-22.052734,0.0,270.0,145.0
CL108130010@,-26.932129,0.0,270.0,146.0
CL108130010@,-37.120605,0.4774537682533264,0.0,146.0
CL108130010@,-34.100098,0.6752060055732727,225.0,146.0
CL108130010@,-42.328125,0.4774537682533264,180.0,146.0
CL108130010@,-28.319336,0.4774537682533264,270.0,146.0
CL108130010@,-35.01416,0.3376147150993347,135.0,145.0
CL108130010@,-33.203613,1.067520260810852,333.4349365234375,146.0
CL108130010@,-38.28711,1.0127503871917725,45.0,146.0
CL108130010@,-25.831543,1.0127503871917725,315.0,147.0
CL108130010@,-28.611816,1.350224494934082,45.0,146.0
CL108130010@,-34.34131,0.9548412561416626,0.0,146.0
CL108130010@,-33.651367,0.754894495010376,108.43495178222656,147.0
CL108100004@,29.052734,0.9548412561416626,0.0,143.0
CL108100004@,21.80664,1.067520260810852,333.4349365234375,143.0
CL108100004@,18.935547,1.39176344871521,300.9637451171875,144.0
CL108100004@,23.013672,0.6752060055732727,225.0,144.0
CL108100004@,22.274902,0.4774537682533264,0.0,144.0
CL108100004@,27.737793,0.9548412561416626,0.0,144.0
CL108100004@,17.072266,1.067520260810852,333.4349365234375,144.0
CL108100004@,12.895996,1.0127503871917725,315.0,144.0
CL108100004@,14.129395,0.4774537682533264,270.0,144.0
CL108100004@,4.2197266,0.3376147150993347,315.0,144.0
CL108100004@,31.708984,0.4774537682533264,90.0,145.0
CL108100004@,23.47754,1.2171181440353394,191.3099365234375,144.0
CL108100004@,14.947266,3.6313934326171875,23.198591232299805,146.0
CL108100004@,3.744629,3.5204050540924072,28.300756454467773,145.0
CL108100004@,17.73584,1.2171181440353394,168.6900634765625,145.0
CL108100004@,6.11084,0.754894495010376,18.434947967529297,148.0
CL108100004@,14.132324,1.067520260810852,153.43495178222656,144.0
CL108100004@,14.669434,1.2171181440353394,191.3099365234375,143.0
CL108100004@,12.011719,2.0248682498931885,225.0,144.0
CL108100004@,9.556152,1.350224494934082,225.0,145.0
CL108100004@,14.397461,0.6752060055732727,225.0,145.0
CL108100004@,-0.052734375,1.350224494934082,225.0,145.0
CL108100004@,-11.145996,2.3619914054870605,225.0,146.0
CL108100004@,-3.828125,1.8175220489501953,203.19859313964844,147.0
CL108100004@,7.6586914,0.4774537682533264,180.0,143.0
CL108100004@,5.9472656,1.39176344871521,239.03623962402344,143.0
CL108100004@,1.7504883,1.8175220489501953,246.80140686035156,144.0
CL108100004@,4.7475586,0.6752060055732727,225.0,145.0
CL108100004@,-2.430664,0.9548412561416626,180.0,145.0
CL108100004@,-9.052734,2.0248682498931885,225.0,145.0
CL108100004@,8.13916,0.4774537682533264,180.0,143.0
CL108100004@,2.9472656,1.2171181440353394,258.6900634765625,143.0
CL108100004@,-7.0527344,1.6876049041748047,261.8699035644531,144.0
CL108100004@,-10.12793,0.9548412561416626,180.0,145.0
CL108100004@,-11.0859375,1.8175220489501953,156.80140686035156,144.0
CL108100004@,-5.773926,2.3619914054870605,225.0,144.0
CL108100004@,-0.052734375,0.4774537682533264,0.0,142.0
CL108100004@,-3.0527344,1.5095269680023193,288.4349365234375,143.0
CL108100004@,-10.052734,0.9548412561416626,270.0,144.0
CL108100004@,-21.810547,1.0127503871917725,135.0,144.0
CL108100004@,-22.410156,1.6876049041748047,135.0,143.0
CL108100004@,-10.052734,1.721006155014038,326.3099365234375,144.0
CL108100004@,-11.052734,0.3376147150993347,45.0,144.0
CL108100004@,-15.052734,1.067520260810852,116.56504821777344,144.0
CL108100004@,-15.052734,1.2171181440353394,101.30992889404297,144.0
CL108116004@,-11.107422,-9999.0,-9999.0,3.3999999521443642e+38
CL108116004@,-12.736328,-9999.0,-9999.0,3.3999999521443642e+38
CL108116004@,-13.342773,-9999.0,-9999.0,3.3999999521443642e+38
CL108116004@,-9.719727,-9999.0,-9999.0,3.3999999521443642e+38
CL108116004@,-4.5600586,-9999.0,-9999.0,3.3999999521443642e+38
CL108116004@,-4.783203,-9999.0,-9999.0,3.3999999521443642e+38
CL108116004@,-2.8325195,-9999.0,-9999.0,3.3999999521443642e+38
CL108116004@,-4.378418,-9999.0,-9999.0,3.3999999521443642e+38
CL108116004@,-2.1103516,-9999.0,-9999.0,3.3999999521443642e+38
CL108116004@,2.7993164,-9999.0,-9999.0,3.3999999521443642e+38
CL108116004@,-0.28857422,-9999.0,-9999.0,3.3999999521443642e+38
CL108116004@,-0.6713867,-9999.0,-9999.0,3.3999999521443642e+38
CL108116004@,0.35205078,-9999.0,-9999.0,3.3999999521443642e+38
CL108116004@,-2.7631836,-9999.0,-9999.0,3.3999999521443642e+38
CL108116004@,-6.303711,-9999.0,-9999.0,3.3999999521443642e+38
CL108116004@,-8.584473,-9999.0,-9999.0,3.3999999521443642e+38
CL108116004@,-7.963379,-9999.0,-9999.0,3.3999999521443642e+38
CL108116004@,-0.38330078,-9999.0,-9999.0,3.3999999521443642e+38
CL108116004@,5.836914,-9999.0,-9999.0,3.3999999521443642e+38
CL108116004@,1.2587891,-9999.0,-9999.0,3.3999999521443642e+38
CL108116004@,1.4140625,-9999.0,-9999.0,3.3999999521443642e+38
CL108116004@,-1.3413086,-9999.0,-9999.0,3.3999999521443642e+38
CL108116004@,-10.128906,-9999.0,-9999.0,3.3999999521443642e+38
CL108116004@,-17.787598,-9999.0,-9999.0,3.3999999521443642e+38
CL108116004@,-20.526367,-9999.0,-9999.0,3.3999999521443642e+38
CL108116004@,-20.746094,-9999.0,-9999.0,3.3999999521443642e+38
CL108116004@,-15.211914,-9999.0,-9999.0,3.3999999521443642e+38
CL108116004@,10.947266,-9999.0,-9999.0,3.3999999521443642e+38
CL108116004@,0.5991211,-9999.0,-9999.0,3.3999999521443642e+38
CL108116004@,4.449707,-9999.0,-9999.0,3.3999999521443642e+38
CL108116004@,6.3916016,-9999.0,-9999.0,3.3999999521443642e+38
CL108116004@,4.3896484,-9999.0,-9999.0,3.3999999521443642e+38
CL108116004@,5.379883,-9999.0,-9999.0,3.3999999521443642e+38
CL108116004@,-1.9902344,-9999.0,-9999.0,3.3999999521443642e+38
CL108116004@,-7.942871,-9999.0,-9999.0,3.3999999521443642e+38
CL108116004@,-11.456055,-9999.0,-9999.0,3.3999999521443642e+38
CL108116004@,-14.934082,-9999.0,-9999.0,3.3999999521443642e+38
CL108116004@,-19.663574,-9999.0,-9999.0,3.3999999521443642e+38
CL108116004@,-23.927246,-9999.0,-9999.0,3.3999999521443642e+38
CL108116004@,-30.1792,-9999.0,-9999.0,3.3999999521443642e+38
CL108116004@,-27.1792,-9999.0,-9999.0,3.3999999521443642e+38
CL108116004@,-16.896973,-9999.0,-9999.0,3.3999999521443642e+38
CL108116004@,-12.611328,-9999.0,-9999.0,3.3999999521443642e+38
CL108116004@,11.947266,-9999.0,-9999.0,3.3999999521443642e+38
CL108116004@,12.947266,-9999.0,-9999.0,3.3999999521443642e+38
CL108116004@,1.3110352,-9999.0,-9999.0,3.3999999521443642e+38
CL108116004@,-6.132324,-9999.0,-9999.0,3.3999999521443642e+38
CL108116004@,-4.109375,-9999.0,-9999.0,3.3999999521443642e+38
CL108116004@,0.9472656,-9999.0,-9999.0,3.3999999521443642e+38
CL108116004@,5.7265625,-9999.0,-9999.0,3.3999999521443642e+38
CL108116004@,6.7504883,-9999.0,-9999.0,3.3999999521443642e+38
CL108116004@,-3.1445312,-9999.0,-9999.0,3.3999999521443642e+38
CL108116004@,-9.971191,-9999.0,-9999.0,3.3999999521443642e+38
CL108116004@,-7.73584,-9999.0,-9999.0,3.3999999521443642e+38
CL108116004@,-4.7353516,-9999.0,-9999.0,3.3999999521443642e+38
CL108116004@,-6.2963867,-9999.0,-9999.0,3.3999999521443642e+38
CL108116004@,-11.97168,-9999.0,-9999.0,3.3999999521443642e+38
CL108116004@,-18.62793,-9999.0,-9999.0,3.3999999521443642e+38
CL108116004@,-28.510254,-9999.0,-9999.0,3.3999999521443642e+38
CL108116004@,-28.877441,-9999.0,-9999.0,3.3999999521443642e+38
CL108116004@,-17.49121,-9999.0,-9999.0,3.3999999521443642e+38
CL108116004@,-11.537598,-9999.0,-9999.0,3.3999999521443642e+38
CL108116004@,7.9472656,-9999.0,-9999.0,3.3999999521443642e+38
CL108116004@,12.947266,-9999.0,-9999.0,3.3999999521443642e+38
CL108116004@,12.947266,-9999.0,-9999.0,3.3999999521443642e+38
CL108116004@,-9.75293,-9999.0,-9999.0,3.3999999521443642e+38
CL108116004@,-6.813965,-9999.0,-9999.0,3.3999999521443642e+38
CL108116004@,-1.0527344,-9999.0,-9999.0,3.3999999521443642e+38
CL108116004@,0.3618164,-9999.0,-9999.0,3.3999999521443642e+38
CL108116004@,-2.9956055,-9999.0,-9999.0,3.3999999521443642e+38
CL108116004@,-4.741211,-9999.0,-9999.0,3.3999999521443642e+38
CL108116004@,-2.2592773,-9999.0,-9999.0,3.3999999521443642e+38
CL108116004@,0.19921875,-9999.0,-9999.0,3.3999999521443642e+38
CL108116004@,-6.0375977,-9999.0,-9999.0,3.3999999521443642e+38
CL108116004@,-15.363281,-9999.0,-9999.0,3.3999999521443642e+38
CL108116004@,-12.366211,-9999.0,-9999.0,3.3999999521443642e+38
CL108116004@,-6.352539,-9999.0,-9999.0,3.3999999521443642e+38
CL108116004@,-3.6572266,-9999.0,-9999.0,3.3999999521443642e+38
CL108116004@,-7.5620117,-9999.0,-9999.0,3.3999999521443642e+38
CL108116004@,-8.941406,-9999.0,-9999.0,3.3999999521443642e+38
CL108116004@,-20.47998,-9999.0,-9999.0,3.3999999521443642e+38
CL108116004@,-20.524902,-9999.0,-9999.0,3.3999999521443642e+38
CL108116004@,-14.531738,-9999.0,-9999.0,3.3999999521443642e+38
CL108116004@,-12.495605,-9999.0,-9999.0,3.3999999521443642e+38
CL108116004@,-5.012207,-9999.0,-9999.0,3.3999999521443642e+38
CL108116004@,3.9472656,-9999.0,-9999.0,3.3999999521443642e+38
CL108116004@,9.947266,-9999.0,-9999.0,3.3999999521443642e+38
CL108116004@,-1.7905273,-9999.0,-9999.0,3.3999999521443642e+38
CL108116004@,-7.774414,-9999.0,-9999.0,3.3999999521443642e+38
CL108116004@,-16.066895,-9999.0,-9999.0,3.3999999521443642e+38
CL108116004@,-16.962402,-9999.0,-9999.0,3.3999999521443642e+38
CL108116004@,-13.6171875,-9999.0,-9999.0,3.3999999521443642e+38
CL108116004@,-8.769531,-9999.0,-9999.0,3.3999999521443642e+38
CL108116004@,-8.328125,-9999.0,-9999.0,3.3999999521443642e+38
CL108116004@,-6.039551,-9999.0,-9999.0,3.3999999521443642e+38
CL108116004@,-4.805664,-9999.0,-9999.0,3.3999999521443642e+38
CL108116004@,-11.3046875,-9999.0,-9999.0,3.3999999521443642e+38
CL108116004@,-15.807617,-9999.0,-9999.0,3.3999999521443642e+38
CL108116004@,-19.610352,-9999.0,-9999.0,3.3999999521443642e+38
CL108116004@,-14.330566,-9999.0,-9999.0,3.3999999521443642e+38
CL108116004@,-10.018066,-9999.0,-9999.0,3.3999999521443642e+38
CL108116004@,-10.44873,-9999.0,-9999.0,3.3999999521443642e+38
CL108116004@,-14.418457,-9999.0,-9999.0,3.3999999521443642e+38
CL108116004@,-15.727539,-9999.0,-9999.0,3.3999999521443642e+38
CL108116004@,-16.11084,-9999.0,-9999.0,3.3999999521443642e+38
CL108116004@,-14.075684,-9999.0,-9999.0,3.3999999521443642e+38
CL108116004@,-20.248047,-9999.0,-9999.0,3.3999999521443642e+38
CL108116004@,-14.613281,-9999.0,-9999.0,3.3999999521443642e+38
CL108116004@,-13.27002,-9999.0,-9999.0,3.3999999521443642e+38
CL108116004@,-12.103516,-9999.0,-9999.0,3.3999999521443642e+38
CL108116004@,-16.07666,-9999.0,-9999.0,3.3999999521443642e+38
CL108116004@,-15.110352,-9999.0,-9999.0,3.3999999521443642e+38
CL108116004@,-9.379395,-9999.0,-9999.0,3.3999999521443642e+38
CL108116004@,1.2358398,-9999.0,-9999.0,3.3999999521443642e+38
CL108116004@,7.114746,-9999.0,-9999.0,3.3999999521443642e+38
CL108116004@,7.3881836,-9999.0,-9999.0,3.3999999521443642e+38
CL108116004@,6.677246,-9999.0,-9999.0,3.3999999521443642e+38
CL108116004@,-3.8139648,-9999.0,-9999.0,3.3999999521443642e+38
CL108116004@,-11.842773,-9999.0,-9999.0,3.3999999521443642e+38
CL108116004@,-9.029297,-9999.0,-9999.0,3.3999999521443642e+38
CL108116004@,-12.462891,-9999.0,-9999.0,3.3999999521443642e+38
CL108116004@,-21.03125,-9999.0,-9999.0,3.3999999521443642e+38
CL108116004@,-20.124023,-9999.0,-9999.0,3.3999999521443642e+38
CL108116004@,-23.74707,-9999.0,-9999.0,3.3999999521443642e+38
CL108116004@,-27.844727,-9999.0,-9999.0,3.3999999521443642e+38
CL108116004@,-23.470215,-9999.0,-9999.0,3.3999999521443642e+38
CL108116004@,-14.713379,-9999.0,-9999.0,3.3999999521443642e+38
CL108116004@,-12.345215,-9999.0,-9999.0,3.3999999521443642e+38
CL108116004@,-6.368164,-9999.0,-9999.0,3.3999999521443642e+38
CL108116004@,-7.5961914,-9999.0,-9999.0,3.3999999521443642e+38
CL108116004@,-14.1328125,-9999.0,-9999.0,3.3999999521443642e+38
CL108116004@,-19.65332,-9999.0,-9999.0,3.3999999521443642e+38
CL108116004@,-21.318848,-9999.0,-9999.0,3.3999999521443642e+38
CL108116004@,-24.157715,-9999.0,-9999.0,3.3999999521443642e+38
CL108116004@,-27.807617,-9999.0,-9999.0,3.3999999521443642e+38
CL108116004@,-16.171387,-9999.0,-9999.0,3.3999999521443642e+38
CL108116004@,-11.731445,-9999.0,-9999.0,3.3999999521443642e+38
CL108116004@,-16.990234,-9999.0,-9999.0,3.3999999521443642e+38
CL108116004@,-14.828613,-9999.0,-9999.0,3.3999999521443642e+38
CL108116004@,-12.416504,-9999.0,-9999.0,3.3999999521443642e+38
CL108116004@,-13.438477,-9999.0,-9999.0,3.3999999521443642e+38
CL108116004@,-5.086914,-9999.0,-9999.0,3.3999999521443642e+38
CL108116004@,9.791504,-9999.0,-9999.0,3.3999999521443642e+38
CL108116004@,0.28222656,-9999.0,-9999.0,3.3999999521443642e+38
CL108116004@,1.3364258,-9999.0,-9999.0,3.3999999521443642e+38
CL108116004@,2.9423828,-9999.0,-9999.0,3.3999999521443642e+38
CL108116004@,-6.626953,-9999.0,-9999.0,3.3999999521443642e+38
CL108116004@,-10.674316,-9999.0,-9999.0,3.3999999521443642e+38
CL108116004@,-12.647949,-9999.0,-9999.0,3.3999999521443642e+38
CL108116004@,-16.549316,-9999.0,-9999.0,3.3999999521443642e+38
CL108116004@,-21.337402,-9999.0,-9999.0,3.3999999521443642e+38
CL108116004@,-19.095703,-9999.0,-9999.0,3.3999999521443642e+38
CL108116004@,-18.96289,-9999.0,-9999.0,3.3999999521443642e+38
CL108116004@,-20.464355,-9999.0,-9999.0,3.3999999521443642e+38
CL108116004@,-18.64795,-9999.0,-9999.0,3.3999999521443642e+38
CL108116004@,-12.308105,-9999.0,-9999.0,3.3999999521443642e+38
CL108116004@,-6.307129,-9999.0,-9999.0,3.3999999521443642e+38
CL108116004@,-10.119629,-9999.0,-9999.0,3.3999999521443642e+38
CL108116004@,-13.562988,-9999.0,-9999.0,3.3999999521443642e+38
CL108116004@,-21.506348,-9999.0,-9999.0,3.3999999521443642e+38
CL108116004@,-28.850098,-9999.0,-9999.0,3.3999999521443642e+38
CL108116004@,-29.541992,-9999.0,-9999.0,3.3999999521443642e+38
CL108116004@,-28.342285,-9999.0,-9999.0,3.3999999521443642e+38
CL108116004@,3.243164,-9999.0,-9999.0,3.3999999521443642e+38
CL108116004@,2.1479492,-9999.0,-9999.0,3.3999999521443642e+38
CL108116004@,1.6044922,-9999.0,-9999.0,3.3999999521443642e+38
CL108116004@,-1.4545898,-9999.0,-9999.0,3.3999999521443642e+38
CL108116004@,-10.174805,-9999.0,-9999.0,3.3999999521443642e+38
CL108116004@,-14.696289,-9999.0,-9999.0,3.3999999521443642e+38
CL108116004@,-15.881348,-9999.0,-9999.0,3.3999999521443642e+38
CL108116004@,-20.444824,-9999.0,-9999.0,3.3999999521443642e+38
CL108116004@,-16.905762,-9999.0,-9999.0,3.3999999521443642e+38
CL108116004@,-11.588867,-9999.0,-9999.0,3.3999999521443642e+38
CL108116004@,-8.632324,-9999.0,-9999.0,3.3999999521443642e+38
CL108116004@,-5.666504,-9999.0,-9999.0,3.3999999521443642e+38
CL108116004@,3.7788086,-9999.0,-9999.0,3.3999999521443642e+38
CL108116004@,0.6323242,-9999.0,-9999.0,3.3999999521443642e+38
CL108116004@,-10.475586,-9999.0,-9999.0,3.3999999521443642e+38
CL108116004@,-17.189453,-9999.0,-9999.0,3.3999999521443642e+38
CL108116004@,-17.793945,-9999.0,-9999.0,3.3999999521443642e+38
CL108116004@,-19.174316,-9999.0,-9999.0,3.3999999521443642e+38
CL108116004@,-20.847168,-9999.0,-9999.0,3.3999999521443642e+38
CL108116004@,1.3276367,-9999.0,-9999.0,3.3999999521443642e+38
CL108116004@,2.6235352,-9999.0,-9999.0,3.3999999521443642e+38
CL108116004@,-3.3085938,-9999.0,-9999.0,3.3999999521443642e+38
CL108116004@,-10.989746,-9999.0,-9999.0,3.3999999521443642e+38
CL108116004@,-9.736816,-9999.0,-9999.0,3.3999999521443642e+38
CL108116004@,-6.661133,-9999.0,-9999.0,3.3999999521443642e+38
CL108116004@,-11.537598,-9999.0,-9999.0,3.3999999521443642e+38
CL108116004@,-17.032227,-9999.0,-9999.0,3.3999999521443642e+38
CL108116004@,-14.362305,-9999.0,-9999.0,3.3999999521443642e+38
CL108116004@,-12.771484,-9999.0,-9999.0,3.3999999521443642e+38
CL108116004@,-10.187012,-9999.0,-9999.0,3.3999999521443642e+38
CL108116004@,-4.8598633,-9999.0,-9999.0,3.3999999521443642e+38
CL108116004@,0.39013672,-9999.0,-9999.0,3.3999999521443642e+38
CL108116004@,3.9941406,-9999.0,-9999.0,3.3999999521443642e+38
CL108116004@,5.388672,-9999.0,-9999.0,3.3999999521443642e+38
CL108116004@,2.8623047,-9999.0,-9999.0,3.3999999521443642e+38
CL108116004@,-4.57666,-9999.0,-9999.0,3.3999999521443642e+38
CL108116004@,-7.7646484,-9999.0,-9999.0,3.3999999521443642e+38
CL108116004@,-6.359375,-9999.0,-9999.0,3.3999999521443642e+38
CL108116004@,-10.231445,-9999.0,-9999.0,3.3999999521443642e+38
CL108116004@,-16.892578,-9999.0,-9999.0,3.3999999521443642e+38
CL108116004@,4.4819336,-9999.0,-9999.0,3.3999999521443642e+38
CL108116004@,3.7080078,-9999.0,-9999.0,3.3999999521443642e+38
CL108116004@,-0.8828125,-9999.0,-9999.0,3.3999999521443642e+38
CL108116004@,-9.288574,-9999.0,-9999.0,3.3999999521443642e+38
CL108116004@,-13.199707,-9999.0,-9999.0,3.3999999521443642e+38
CL108116004@,-23.071777,-9999.0,-9999.0,3.3999999521443642e+38
CL108116004@,-15.130371,-9999.0,-9999.0,3.3999999521443642e+38
CL108116004@,-11.563965,-9999.0,-9999.0,3.3999999521443642e+38
CL108116004@,-15.842285,-9999.0,-9999.0,3.3999999521443642e+38
CL108116004@,-8.158203,-9999.0,-9999.0,3.3999999521443642e+38
CL108116004@,-6.4536133,-9999.0,-9999.0,3.3999999521443642e+38
CL108116004@,-5.003418,-9999.0,-9999.0,3.3999999521443642e+38
CL108116004@,-5.898926,-9999.0,-9999.0,3.3999999521443642e+38
CL108116004@,-3.3266602,-9999.0,-9999.0,3.3999999521443642e+38
CL108116004@,0.028320312,-9999.0,-9999.0,3.3999999521443642e+38
CL108116004@,-0.94970703,-9999.0,-9999.0,3.3999999521443642e+38
CL108116004@,-6.0771484,-9999.0,-9999.0,3.3999999521443642e+38
CL108116004@,-13.126465,-9999.0,-9999.0,3.3999999521443642e+38
CL108116004@,-12.919922,-9999.0,-9999.0,3.3999999521443642e+38
CL108116004@,-6.001953,-9999.0,-9999.0,3.3999999521443642e+38
CL108116004@,-1.1357422,-9999.0,-9999.0,3.3999999521443642e+38
CL108116004@,-1.5400391,-9999.0,-9999.0,3.3999999521443642e+38
CL108116004@,-10.330078,-9999.0,-9999.0,3.3999999521443642e+38
CL108116004@,-13.359375,-9999.0,-9999.0,3.3999999521443642e+38
CL108116004@,2.1186523,-9999.0,-9999.0,3.3999999521443642e+38
CL108116004@,4.263672,-9999.0,-9999.0,3.3999999521443642e+38
CL108116004@,3.15625,-9999.0,-9999.0,3.3999999521443642e+38
CL108116004@,-9.04248,-9999.0,-9999.0,3.3999999521443642e+38
CL108116004@,-24.121582,-9999.0,-9999.0,3.3999999521443642e+38
CL108116004@,-23.896484,-9999.0,-9999.0,3.3999999521443642e+38
CL108116004@,-20.770996,-9999.0,-9999.0,3.3999999521443642e+38
CL108116004@,-19.640137,-9999.0,-9999.0,3.3999999521443642e+38
CL108116004@,-17.072266,-9999.0,-9999.0,3.3999999521443642e+38
CL108116004@,-14.767578,-9999.0,-9999.0,3.3999999521443642e+38
CL108116004@,-9.308105,-9999.0,-9999.0,3.3999999521443642e+38
CL108116004@,-0.47216797,-9999.0,-9999.0,3.3999999521443642e+38
CL108116004@,-3.8266602,-9999.0,-9999.0,3.3999999521443642e+38
CL108116004@,-6.105957,-9999.0,-9999.0,3.3999999521443642e+38
CL108116004@,-6.1884766,-9999.0,-9999.0,3.3999999521443642e+38
CL108116004@,-3.2319336,-9999.0,-9999.0,3.3999999521443642e+38
CL108116004@,0.6484375,-9999.0,-9999.0,3.3999999521443642e+38
CL108116004@,1.0498047,-9999.0,-9999.0,3.3999999521443642e+38
CL108116004@,-7.2246094,-9999.0,-9999.0,3.3999999521443642e+38
CL108116004@,-10.687988,-9999.0,-9999.0,3.3999999521443642e+38
CL108116004@,-10.436523,-9999.0,-9999.0,3.3999999521443642e+38
CL108116004@,-7.595703,-9999.0,-9999.0,3.3999999521443642e+38
CL108116004@,-7.3188477,-9999.0,-9999.0,3.3999999521443642e+38
CL108116004@,-8.862793,-9999.0,-9999.0,3.3999999521443642e+38
CL108116004@,-7.2373047,-9999.0,-9999.0,3.3999999521443642e+38
CL108116004@,-6.5126953,-9999.0,-9999.0,3.3999999521443642e+38
CL108116004@,-14.379883,-9999.0,-9999.0,3.3999999521443642e+38
CL108116004@,-26.6333,-9999.0,-9999.0,3.3999999521443642e+38
CL108116004@,-30.17627,-9999.0,-9999.0,3.3999999521443642e+38
CL108116004@,-7.184082,-9999.0,-9999.0,3.3999999521443642e+38
CL108116004@,-11.381348,-9999.0,-9999.0,3.3999999521443642e+38
CL108116004@,-16.999023,-9999.0,-9999.0,3.3999999521443642e+38
CL108116004@,-15.935547,-9999.0,-9999.0,3.3999999521443642e+38
CL108116004@,-21.432129,-9999.0,-9999.0,3.3999999521443642e+38
CL108116004@,-28.888184,-9999.0,-9999.0,3.3999999521443642e+38
CL108116004@,-24.817871,-9999.0,-9999.0,3.3999999521443642e+38
CL108116004@,-16.056152,-9999.0,-9999.0,3.3999999521443642e+38
CL108116004@,-14.553711,-9999.0,-9999.0,3.3999999521443642e+38
CL108116004@,-19.168457,-9999.0,-9999.0,3.3999999521443642e+38
CL108116004@,-15.03125,-9999.0,-9999.0,3.3999999521443642e+38
CL108116004@,8.609375,-9999.0,-9999.0,3.3999999521443642e+38
CL108116004@,5.2216797,-9999.0,-9999.0,3.3999999521443642e+38
CL108116004@,-0.26953125,-9999.0,-9999.0,3.3999999521443642e+38
CL108116004@,-1.9936523,-9999.0,-9999.0,3.3999999521443642e+38
CL108116004@,-5.9555664,-9999.0,-9999.0,3.3999999521443642e+38
CL108116004@,-8.551758,-9999.0,-9999.0,3.3999999521443642e+38
CL108116004@,-5.8789062,-9999.0,-9999.0,3.3999999521443642e+38
CL108116004@,-6.5595703,-9999.0,-9999.0,3.3999999521443642e+38
CL108116004@,-8.632324,-9999.0,-9999.0,3.3999999521443642e+38
CL108116004@,-11.265137,-9999.0,-9999.0,3.3999999521443642e+38
CL108116004@,-13.381348,-9999.0,-9999.0,3.3999999521443642e+38
CL108116004@,-13.527832,-9999.0,-9999.0,3.3999999521443642e+38
CL108116004@,-12.490234,-9999.0,-9999.0,3.3999999521443642e+38
CL108116004@,-7.666504,-9999.0,-9999.0,3.3999999521443642e+38
CL108116004@,-3.8496094,-9999.0,-9999.0,3.3999999521443642e+38
CL108116004@,-8.428223,-9999.0,-9999.0,3.3999999521443642e+38
CL108116004@,-18.69873,-9999.0,-9999.0,3.3999999521443642e+38
CL108116004@,-27.161133,-9999.0,-9999.0,3.3999999521443642e+38
CL108116004@,-28.71289,-9999.0,-9999.0,3.3999999521443642e+38
CL108116004@,0.2529297,-9999.0,-9999.0,3.3999999521443642e+38
CL108116004@,-4.8374023,-9999.0,-9999.0,3.3999999521443642e+38
CL108116004@,-11.76416,-9999.0,-9999.0,3.3999999521443642e+38
CL108116004@,-18.13379,-9999.0,-9999.0,3.3999999521443642e+38
CL108116004@,-18.063965,-9999.0,-9999.0,3.3999999521443642e+38
CL108116004@,-21.876953,-9999.0,-9999.0,3.3999999521443642e+38
CL108116004@,-24.644531,-9999.0,-9999.0,3.3999999521443642e+38
CL108116004@,-22.876953,-9999.0,-9999.0,3.3999999521443642e+38
CL108116004@,-16.138672,-9999.0,-9999.0,3.3999999521443642e+38
CL108116004@,-13.368164,-9999.0,-9999.0,3.3999999521443642e+38
CL108116004@,-12.112305,-9999.0,-9999.0,3.3999999521443642e+38
CL108116004@,-8.868164,-9999.0,-9999.0,3.3999999521443642e+38
CL108116004@,-6.1640625,-9999.0,-9999.0,3.3999999521443642e+38
CL108116004@,-3.9624023,-9999.0,-9999.0,3.3999999521443642e+38
CL108116004@,-10.55957,-9999.0,-9999.0,3.3999999521443642e+38
CL108116004@,-15.19043,-9999.0,-9999.0,3.3999999521443642e+38
CL108116004@,-16.052734,-9999.0,-9999.0,3.3999999521443642e+38
CL108116004@,-9.052734,-9999.0,-9999.0,3.3999999521443642e+38
CL108116004@,-3.3588867,-9999.0,-9999.0,3.3999999521443642e+38
CL108116004@,-1.065918,-9999.0,-9999.0,3.3999999521443642e+38
CL108116004@,-10.635742,-9999.0,-9999.0,3.3999999521443642e+38
CL108116004@,-18.957031,-9999.0,-9999.0,3.3999999521443642e+38
CL108116004@,-17.320312,-9999.0,-9999.0,3.3999999521443642e+38
CL108116004@,-8.726074,-9999.0,-9999.0,3.3999999521443642e+38
CL108116004@,-6.1591797,-9999.0,-9999.0,3.3999999521443642e+38
CL108116004@,-13.818359,-9999.0,-9999.0,3.3999999521443642e+38
CL108116004@,-14.680176,-9999.0,-9999.0,3.3999999521443642e+38
CL108116004@,-8.841309,-9999.0,-9999.0,3.3999999521443642e+38
CL108116004@,-7.819336,-9999.0,-9999.0,3.3999999521443642e+38
CL108116004@,-15.869141,-9999.0,-9999.0,3.3999999521443642e+38
CL108116004@,-26.980469,-9999.0,-9999.0,3.3999999521443642e+38
CL108116004@,-12.916504,-9999.0,-9999.0,3.3999999521443642e+38
CL108116004@,-9.472168,-9999.0,-9999.0,3.3999999521443642e+38
CL108116004@,-6.298828,-9999.0,-9999.0,3.3999999521443642e+38
CL108116004@,-8.653809,-9999.0,-9999.0,3.3999999521443642e+38
CL108116004@,-13.82959,-9999.0,-9999.0,3.3999999521443642e+38
CL108116004@,-17.43164,-9999.0,-9999.0,3.3999999521443642e+38
CL108116004@,-16.120605,-9999.0,-9999.0,3.3999999521443642e+38
CL108116004@,-19.081055,-9999.0,-9999.0,3.3999999521443642e+38
CL108116004@,-16.653809,-9999.0,-9999.0,3.3999999521443642e+38
CL108116004@,-11.466797,-9999.0,-9999.0,3.3999999521443642e+38
CL108116004@,-5.2626953,-9999.0,-9999.0,3.3999999521443642e+38
CL108116004@,-4.79834,-9999.0,-9999.0,3.3999999521443642e+38
CL108116004@,-12.639648,-9999.0,-9999.0,3.3999999521443642e+38
CL108116004@,-18.62793,-9999.0,-9999.0,3.3999999521443642e+38
CL108116004@,-22.608398,-9999.0,-9999.0,3.3999999521443642e+38
CL108116004@,-18.207031,-9999.0,-9999.0,3.3999999521443642e+38
CL108116004@,-13.530762,-9999.0,-9999.0,3.3999999521443642e+38
CL108116004@,-13.052734,-9999.0,-9999.0,3.3999999521443642e+38
CL108116004@,-12.052734,-9999.0,-9999.0,3.3999999521443642e+38
CL108116004@,-13.7734375,-9999.0,-9999.0,3.3999999521443642e+38
CL108116004@,-16.970703,-9999.0,-9999.0,3.3999999521443642e+38
CL108116004@,-14.192871,-9999.0,-9999.0,3.3999999521443642e+38
CL108116004@,-10.795898,-9999.0,-9999.0,3.3999999521443642e+38
CL108116004@,-15.912598,-9999.0,-9999.0,3.3999999521443642e+38
CL108116004@,-13.314453,-9999.0,-9999.0,3.3999999521443642e+38
CL108116004@,-8.60498,-9999.0,-9999.0,3.3999999521443642e+38
CL108116004@,-16.021484,-9999.0,-9999.0,3.3999999521443642e+38
CL108116004@,-23.027832,-9999.0,-9999.0,3.3999999521443642e+38
CL108116004@,-19.362305,-9999.0,-9999.0,3.3999999521443642e+38
CL108116004@,-17.560547,-9999.0,-9999.0,3.3999999521443642e+38
CL108116004@,-16.23291,-9999.0,-9999.0,3.3999999521443642e+38
CL108116004@,-17.652344,-9999.0,-9999.0,3.3999999521443642e+38
CL108116004@,-13.285156,-9999.0,-9999.0,3.3999999521443642e+38
CL108116004@,-7.494629,-9999.0,-9999.0,3.3999999521443642e+38
CL108116004@,-5.654297,-9999.0,-9999.0,3.3999999521443642e+38
CL108116004@,-11.83252,-9999.0,-9999.0,3.3999999521443642e+38
CL108116004@,-16.052734,-9999.0,-9999.0,3.3999999521443642e+38
CL108116004@,-11.284668,-9999.0,-9999.0,3.3999999521443642e+38
CL108116004@,-14.044434,-9999.0,-9999.0,3.3999999521443642e+38
CL108116004@,-17.248047,-9999.0,-9999.0,3.3999999521443642e+38
CL108116004@,-17.466797,-9999.0,-9999.0,3.3999999521443642e+38
CL108116004@,-16.436523,-9999.0,-9999.0,3.3999999521443642e+38
CL108116004@,-13.052734,-9999.0,-9999.0,3.3999999521443642e+38
CL108116004@,-11.052734,-9999.0,-9999.0,3.3999999521443642e+38
CL108116004@,-11.281738,-9999.0,-9999.0,3.3999999521443642e+38
CL108116004@,-13.130371,-9999.0,-9999.0,3.3999999521443642e+38
CL108116004@,-18.533691,-9999.0,-9999.0,3.3999999521443642e+38
CL108116004@,-21.716309,-9999.0,-9999.0,3.3999999521443642e+38
CL108116004@,-22.895996,-9999.0,-9999.0,3.3999999521443642e+38
CL108116004@,-19.052734,-9999.0,-9999.0,3.3999999521443642e+38
CL108116004@,-11.052734,-9999.0,-9999.0,3.3999999521443642e+38
CL108116004@,-5.1411133,-9999.0,-9999.0,3.3999999521443642e+38
CL108116004@,-12.651855,-9999.0,-9999.0,3.3999999521443642e+38
CL108116004@,-24.838867,-9999.0,-9999.0,3.3999999521443642e+38
CL108116004@,-21.300781,-9999.0,-9999.0,3.3999999521443642e+38
CL108116004@,-14.095703,-9999.0,-9999.0,3.3999999521443642e+38
CL108116004@,-14.299805,-9999.0,-9999.0,3.3999999521443642e+38
CL108116004@,-25.550781,-9999.0,-9999.0,3.3999999521443642e+38
CL108116004@,-17.100586,-9999.0,-9999.0,3.3999999521443642e+38
CL108116004@,-22.475098,-9999.0,-9999.0,3.3999999521443642e+38
CL108116004@,-19.03711,-9999.0,-9999.0,3.3999999521443642e+38
CL108116004@,-14.956543,-9999.0,-9999.0,3.3999999521443642e+38
CL108116004@,-9.469238,-9999.0,-9999.0,3.3999999521443642e+38
CL108116004@,-5.5874023,-9999.0,-9999.0,3.3999999521443642e+38
CL108116004@,-3.2041016,-9999.0,-9999.0,3.3999999521443642e+38
CL108116004@,-6.0273438,-9999.0,-9999.0,3.3999999521443642e+38
CL108116004@,-13.052734,-9999.0,-9999.0,3.3999999521443642e+38
CL108116004@,-10.92334,-9999.0,-9999.0,3.3999999521443642e+38
CL108116004@,-16.243164,-9999.0,-9999.0,3.3999999521443642e+38
CL108116004@,-21.944824,-9999.0,-9999.0,3.3999999521443642e+38
CL108116004@,-21.196777,-9999.0,-9999.0,3.3999999521443642e+38
CL108116004@,-19.612305,-9999.0,-9999.0,3.3999999521443642e+38
CL108116004@,-18.052734,-9999.0,-9999.0,3.3999999521443642e+38
CL108116004@,-14.052734,-9999.0,-9999.0,3.3999999521443642e+38
CL108116004@,-10.975098,-9999.0,-9999.0,3.3999999521443642e+38
CL108116004@,-18.3125,-9999.0,-9999.0,3.3999999521443642e+38
CL108116004@,-26.226562,-9999.0,-9999.0,3.3999999521443642e+38
CL108116004@,-23.054688,-9999.0,-9999.0,3.3999999521443642e+38
CL108116004@,-18.052734,-9999.0,-9999.0,3.3999999521443642e+38
CL108116004@,-12.052734,-9999.0,-9999.0,3.3999999521443642e+38
CL108116004@,-9.052734,-9999.0,-9999.0,3.3999999521443642e+38
CL108116004@,-12.137207,-9999.0,-9999.0,3.3999999521443642e+38
CL108116004@,-18.655762,-9999.0,-9999.0,3.3999999521443642e+38
CL108116004@,-16.052734,-9999.0,-9999.0,3.3999999521443642e+38
CL108116004@,-12.182129,-9999.0,-9999.0,3.3999999521443642e+38
CL108116004@,-24.276367,-9999.0,-9999.0,3.3999999521443642e+38
CL108116004@,-26.782227,-9999.0,-9999.0,3.3999999521443642e+38
CL108116004@,-30.659668,-9999.0,-9999.0,3.3999999521443642e+38
CL108116004@,-26.407227,-9999.0,-9999.0,3.3999999521443642e+38
CL108116004@,-21.063477,-9999.0,-9999.0,3.3999999521443642e+38
CL108116004@,-17.357422,-9999.0,-9999.0,3.3999999521443642e+38
CL108116004@,-15.052734,-9999.0,-9999.0,3.3999999521443642e+38
CL108116004@,-10.591309,-9999.0,-9999.0,3.3999999521443642e+38
CL108116004@,-20.15918,-9999.0,-9999.0,3.3999999521443642e+38
CL108116004@,-20.28418,-9999.0,-9999.0,3.3999999521443642e+38
CL108116004@,-18.052734,-9999.0,-9999.0,3.3999999521443642e+38
CL108116004@,-17.052734,-9999.0,-9999.0,3.3999999521443642e+38
CL108116004@,-17.17627,-9999.0,-9999.0,3.3999999521443642e+38
CL108116004@,-19.08545,-9999.0,-9999.0,3.3999999521443642e+38
CL108116004@,-22.564453,-9999.0,-9999.0,3.3999999521443642e+38
CL108116004@,-22.487793,-9999.0,-9999.0,3.3999999521443642e+38
CL108116004@,-20.662598,-9999.0,-9999.0,3.3999999521443642e+38
CL108116004@,-17.941406,-9999.0,-9999.0,3.3999999521443642e+38
CL108116004@,-16.052734,-9999.0,-9999.0,3.3999999521443642e+38
CL108116004@,-14.5234375,-9999.0,-9999.0,3.3999999521443642e+38
CL108116004@,-17.76123,-9999.0,-9999.0,3.3999999521443642e+38
CL108116004@,-21.876465,-9999.0,-9999.0,3.3999999521443642e+38
CL108116004@,-21.052734,-9999.0,-9999.0,3.3999999521443642e+38
CL108116004@,-15.052734,-9999.0,-9999.0,3.3999999521443642e+38
CL108116004@,-9.052734,-9999.0,-9999.0,3.3999999521443642e+38
CL108116004@,-7.713379,-9999.0,-9999.0,3.3999999521443642e+38
CL108116004@,-17.876465,-9999.0,-9999.0,3.3999999521443642e+38
CL108116004@,-20.753418,-9999.0,-9999.0,3.3999999521443642e+38
CL108116004@,-27.468262,-9999.0,-9999.0,3.3999999521443642e+38
CL108116004@,-35.137695,-9999.0,-9999.0,3.3999999521443642e+38
CL108116004@,-32.556152,-9999.0,-9999.0,3.3999999521443642e+38
CL108116004@,-28.083008,-9999.0,-9999.0,3.3999999521443642e+38
CL108116004@,-23.474121,-9999.0,-9999.0,3.3999999521443642e+38
CL108116004@,-22.909668,-9999.0,-9999.0,3.3999999521443642e+38
CL108116004@,-9.004883,-9999.0,-9999.0,3.3999999521443642e+38
CL108116004@,-18.744629,-9999.0,-9999.0,3.3999999521443642e+38
CL108116004@,-24.10498,-9999.0,-9999.0,3.3999999521443642e+38
CL108116004@,-24.416504,-9999.0,-9999.0,3.3999999521443642e+38
CL108116004@,-24.930176,-9999.0,-9999.0,3.3999999521443642e+38
CL108116004@,-21.052734,-9999.0,-9999.0,3.3999999521443642e+38
CL108116004@,-13.608887,-9999.0,-9999.0,3.3999999521443642e+38
CL108116004@,-13.049316,-9999.0,-9999.0,3.3999999521443642e+38
CL108116004@,-18.47168,-9999.0,-9999.0,3.3999999521443642e+38
CL108116004@,-20.963867,-9999.0,-9999.0,3.3999999521443642e+38
CL108116004@,-20.67041,-9999.0,-9999.0,3.3999999521443642e+38
CL108116004@,-18.951172,-9999.0,-9999.0,3.3999999521443642e+38
CL108116004@,-11.052734,-9999.0,-9999.0,3.3999999521443642e+38
CL108116004@,-11.713379,-9999.0,-9999.0,3.3999999521443642e+38
CL108116004@,-23.876465,-9999.0,-9999.0,3.3999999521443642e+38
CL108116004@,-21.052734,-9999.0,-9999.0,3.3999999521443642e+38
CL108116004@,-13.052734,-9999.0,-9999.0,3.3999999521443642e+38
CL108116004@,-6.0527344,-9999.0,-9999.0,3.3999999521443642e+38
CL108116004@,-11.34375,-9999.0,-9999.0,3.3999999521443642e+38
CL108116004@,-24.922852,-9999.0,-9999.0,3.3999999521443642e+38
CL108116004@,-24.052734,-9999.0,-9999.0,3.3999999521443642e+38
CL108116004@,-24.052734,-9999.0,-9999.0,3.3999999521443642e+38
CL108116004@,-22.052734,-9999.0,-9999.0,3.3999999521443642e+38
CL108116004@,-22.052734,-9999.0,-9999.0,3.3999999521443642e+38
CL108116004@,-18.61377,-9999.0,-9999.0,3.3999999521443642e+38
CL108116004@,-11.930664,-9999.0,-9999.0,3.3999999521443642e+38
CL108116004@,-13.052734,-9999.0,-9999.0,3.3999999521443642e+38
CL108116004@,-14.407715,-9999.0,-9999.0,3.3999999521443642e+38
CL108116004@,-22.375,-9999.0,-9999.0,3.3999999521443642e+38
CL108116004@,-28.444824,-9999.0,-9999.0,3.3999999521443642e+38
CL108116004@,-26.301758,-9999.0,-9999.0,3.3999999521443642e+38
CL108116004@,-20.510254,-9999.0,-9999.0,3.3999999521443642e+38
CL108116004@,-14.51123,-9999.0,-9999.0,3.3999999521443642e+38
CL108116004@,-10.442383,-9999.0,-9999.0,3.3999999521443642e+38
CL108116004@,-11.844238,-9999.0,-9999.0,3.3999999521443642e+38
CL108116004@,-17.525879,-9999.0,-9999.0,3.3999999521443642e+38
CL108116004@,-21.310547,-9999.0,-9999.0,3.3999999521443642e+38
CL108116004@,-18.263184,-9999.0,-9999.0,3.3999999521443642e+38
CL108116004@,-12.052734,-9999.0,-9999.0,3.3999999521443642e+38
CL108116004@,-14.932129,-9999.0,-9999.0,3.3999999521443642e+38
CL108116004@,-25.323242,-9999.0,-9999.0,3.3999999521443642e+38
CL108116004@,-22.052734,-9999.0,-9999.0,3.3999999521443642e+38
CL108116004@,-14.052734,-9999.0,-9999.0,3.3999999521443642e+38
CL108116004@,-21.795898,-9999.0,-9999.0,3.3999999521443642e+38
CL108116004@,-29.582031,-9999.0,-9999.0,3.3999999521443642e+38
CL108116004@,-29.414062,-9999.0,-9999.0,3.3999999521443642e+38
CL108116004@,-30.783691,-9999.0,-9999.0,3.3999999521443642e+38
CL108116004@,-30.052734,-9999.0,-9999.0,3.3999999521443642e+38
CL108116004@,-31.052734,-9999.0,-9999.0,3.3999999521443642e+38
CL108116004@,-5.1557617,-9999.0,-9999.0,3.3999999521443642e+38
CL108116004@,-16.597168,-9999.0,-9999.0,3.3999999521443642e+38
CL108116004@,-17.423828,-9999.0,-9999.0,3.3999999521443642e+38
CL108116004@,-16.8833,-9999.0,-9999.0,3.3999999521443642e+38
CL108116004@,-17.32373,-9999.0,-9999.0,3.3999999521443642e+38
CL108116004@,-17.825195,-9999.0,-9999.0,3.3999999521443642e+38
CL108116004@,-20.535156,-9999.0,-9999.0,3.3999999521443642e+38
CL108116004@,-20.71289,-9999.0,-9999.0,3.3999999521443642e+38
CL108116004@,-16.208008,-9999.0,-9999.0,3.3999999521443642e+38
CL108116004@,-14.19043,-9999.0,-9999.0,3.3999999521443642e+38
CL108116004@,-13.129395,-9999.0,-9999.0,3.3999999521443642e+38
CL108116004@,-12.155762,-9999.0,-9999.0,3.3999999521443642e+38
CL108116004@,-14.176758,-9999.0,-9999.0,3.3999999521443642e+38
CL108116004@,-20.723145,-9999.0,-9999.0,3.3999999521443642e+38
CL108116004@,-20.347656,-9999.0,-9999.0,3.3999999521443642e+38
CL108116004@,-17.92871,-9999.0,-9999.0,3.3999999521443642e+38
CL108116004@,-29.363281,-9999.0,-9999.0,3.3999999521443642e+38
CL108116004@,-27.323242,-9999.0,-9999.0,3.3999999521443642e+38
CL108116004@,-24.552734,-9999.0,-9999.0,3.3999999521443642e+38
CL108116004@,-29.300781,-9999.0,-9999.0,3.3999999521443642e+38
CL108116004@,-32.16992,-9999.0,-9999.0,3.3999999521443642e+38
CL108116004@,-32.321777,-9999.0,-9999.0,3.3999999521443642e+38
CL108116004@,-33.6333,-9999.0,-9999.0,3.3999999521443642e+38
CL108116004@,-12.130859,-9999.0,-9999.0,3.3999999521443642e+38
CL108116004@,-10.052734,-9999.0,-9999.0,3.3999999521443642e+38
CL108116004@,-10.47168,-9999.0,-9999.0,3.3999999521443642e+38
CL108116004@,-14.439453,-9999.0,-9999.0,3.3999999521443642e+38
CL108116004@,-18.148926,-9999.0,-9999.0,3.3999999521443642e+38
CL108116004@,-18.661621,-9999.0,-9999.0,3.3999999521443642e+38
CL108116004@,-17.621094,-9999.0,-9999.0,3.3999999521443642e+38
CL108116004@,-16.870117,-9999.0,-9999.0,3.3999999521443642e+38
CL108116004@,-13.721191,-9999.0,-9999.0,3.3999999521443642e+38
CL108116004@,-5.936035,-9999.0,-9999.0,3.3999999521443642e+38
CL108116004@,-5.9296875,-9999.0,-9999.0,3.3999999521443642e+38
CL108116004@,-12.081055,-9999.0,-9999.0,3.3999999521443642e+38
CL108116004@,-18.814941,-9999.0,-9999.0,3.3999999521443642e+38
CL108116004@,-17.470215,-9999.0,-9999.0,3.3999999521443642e+38
CL108116004@,-17.961914,-9999.0,-9999.0,3.3999999521443642e+38
CL108116004@,-22.373535,-9999.0,-9999.0,3.3999999521443642e+38
CL108116004@,-22.92334,-9999.0,-9999.0,3.3999999521443642e+38
CL108116004@,-35.189453,-9999.0,-9999.0,3.3999999521443642e+38
CL108116004@,-30.782715,-9999.0,-9999.0,3.3999999521443642e+38
CL108116004@,-26.052734,-9999.0,-9999.0,3.3999999521443642e+38
CL108116004@,-21.052734,-9999.0,-9999.0,3.3999999521443642e+38
CL108116004@,-20.052734,-9999.0,-9999.0,3.3999999521443642e+38
CL108116004@,-17.649414,-9999.0,-9999.0,3.3999999521443642e+38
CL108116004@,-14.705566,-9999.0,-9999.0,3.3999999521443642e+38
CL108116004@,-10.461426,-9999.0,-9999.0,3.3999999521443642e+38
CL108116004@,-7.4208984,-9999.0,-9999.0,3.3999999521443642e+38
CL108116004@,-7.7929688,-9999.0,-9999.0,3.3999999521443642e+38
CL108116004@,-8.90332,-9999.0,-9999.0,3.3999999521443642e+38
CL108116004@,-12.254883,-9999.0,-9999.0,3.3999999521443642e+38
CL108116004@,-10.48877,-9999.0,-9999.0,3.3999999521443642e+38
CL108116004@,-8.078125,-9999.0,-9999.0,3.3999999521443642e+38
CL108116004@,-7.0527344,-9999.0,-9999.0,3.3999999521443642e+38
CL108116004@,-10.052734,-9999.0,-9999.0,3.3999999521443642e+38
CL108116004@,-15.542969,-9999.0,-9999.0,3.3999999521443642e+38
CL108116004@,-19.875,-9999.0,-9999.0,3.3999999521443642e+38
CL108116004@,-23.859375,-9999.0,-9999.0,3.3999999521443642e+38
CL108116004@,-23.14502,-9999.0,-9999.0,3.3999999521443642e+38
CL108116004@,-32.4292,-9999.0,-9999.0,3.3999999521443642e+38
CL108116004@,-30.067871,-9999.0,-9999.0,3.3999999521443642e+38
CL108116004@,-30.330566,-9999.0,-9999.0,3.3999999521443642e+38
CL108116004@,-30.692383,-9999.0,-9999.0,3.3999999521443642e+38
CL108116004@,-17.901367,-9999.0,-9999.0,3.3999999521443642e+38
CL108116004@,-15.785645,-9999.0,-9999.0,3.3999999521443642e+38
CL108116004@,-9.795898,-9999.0,-9999.0,3.3999999521443642e+38
CL108116004@,-4.446289,-9999.0,-9999.0,3.3999999521443642e+38
CL108116004@,-2.9155273,-9999.0,-9999.0,3.3999999521443642e+38
CL108116004@,-0.052734375,-9999.0,-9999.0,3.3999999521443642e+38
CL108116004@,3.4277344,-9999.0,-9999.0,3.3999999521443642e+38
CL108116004@,-2.8613281,-9999.0,-9999.0,3.3999999521443642e+38
CL108116004@,-11.230469,-9999.0,-9999.0,3.3999999521443642e+38
CL108116004@,-16.732422,-9999.0,-9999.0,3.3999999521443642e+38
CL108116004@,-23.052734,-9999.0,-9999.0,3.3999999521443642e+38
CL108116004@,-22.33252,-9999.0,-9999.0,3.3999999521443642e+38
CL108116004@,-21.817871,-9999.0,-9999.0,3.3999999521443642e+38
CL108116004@,-33.737793,-9999.0,-9999.0,3.3999999521443642e+38
CL108116004@,-27.961914,-9999.0,-9999.0,3.3999999521443642e+38
CL108116004@,-25.375977,-9999.0,-9999.0,3.3999999521443642e+38
CL108116004@,-8.172363,-9999.0,-9999.0,3.3999999521443642e+38
CL108116004@,-6.0410156,-9999.0,-9999.0,3.3999999521443642e+38
CL108116004@,-3.3676758,-9999.0,-9999.0,3.3999999521443642e+38
CL108116004@,-2.4389648,-9999.0,-9999.0,3.3999999521443642e+38
CL108116004@,-3.918457,-9999.0,-9999.0,3.3999999521443642e+38
CL108116004@,-4.2963867,-9999.0,-9999.0,3.3999999521443642e+38
CL108116004@,-0.052734375,-9999.0,-9999.0,3.3999999521443642e+38
CL108116004@,1.9472656,-9999.0,-9999.0,3.3999999521443642e+38
CL108116004@,-0.9453125,-9999.0,-9999.0,3.3999999521443642e+38
CL108116004@,-14.134277,-9999.0,-9999.0,3.3999999521443642e+38
CL108116004@,-25.833008,-9999.0,-9999.0,3.3999999521443642e+38
CL108116004@,-28.052734,-9999.0,-9999.0,3.3999999521443642e+38
CL108116004@,-33.08789,-9999.0,-9999.0,3.3999999521443642e+38
CL108116004@,-32.700195,-9999.0,-9999.0,3.3999999521443642e+38
CL108116004@,-14.088867,-9999.0,-9999.0,3.3999999521443642e+38
CL108116004@,-11.373047,-9999.0,-9999.0,3.3999999521443642e+38
CL108116004@,-8.32373,-9999.0,-9999.0,3.3999999521443642e+38
CL108116004@,-0.052734375,-9999.0,-9999.0,3.3999999521443642e+38
CL108116004@,3.8720703,-9999.0,-9999.0,3.3999999521443642e+38
CL108116004@,-3.1884766,-9999.0,-9999.0,3.3999999521443642e+38
CL108116004@,-6.1362305,-9999.0,-9999.0,3.3999999521443642e+38
CL108116004@,-4.0527344,-9999.0,-9999.0,3.3999999521443642e+38
CL108116004@,-2.0527344,-9999.0,-9999.0,3.3999999521443642e+38
CL108116004@,-6.244629,-9999.0,-9999.0,3.3999999521443642e+38
CL108116004@,-18.746582,-9999.0,-9999.0,3.3999999521443642e+38
CL108116004@,-19.22705,-9999.0,-9999.0,3.3999999521443642e+38
CL108116004@,-14.29834,-9999.0,-9999.0,3.3999999521443642e+38
CL108116004@,-8.046875,-9999.0,-9999.0,3.3999999521443642e+38
CL108116004@,-8.841309,-9999.0,-9999.0,3.3999999521443642e+38
CL108116004@,-11.751465,-9999.0,-9999.0,3.3999999521443642e+38
CL108116004@,-10.005859,-9999.0,-9999.0,3.3999999521443642e+38
CL108116004@,-9.052734,-9999.0,-9999.0,3.3999999521443642e+38
CL108116004@,-7.0527344,-9999.0,-9999.0,3.3999999521443642e+38
CL108116004@,-8.848145,-9999.0,-9999.0,3.3999999521443642e+38
CL108116004@,-21.833008,-9999.0,-9999.0,3.3999999521443642e+38
CL108116004@,-27.385742,-9999.0,-9999.0,3.3999999521443642e+38
CL108116004@,-28.72754,-9999.0,-9999.0,3.3999999521443642e+38
CL108116004@,-20.052734,-9999.0,-9999.0,3.3999999521443642e+38
CL108116004@,-11.052734,-9999.0,-9999.0,3.3999999521443642e+38
CL108116004@,-7.4213867,-9999.0,-9999.0,3.3999999521443642e+38
CL108116004@,-12.638184,-9999.0,-9999.0,3.3999999521443642e+38
CL108116004@,-10.052734,-9999.0,-9999.0,3.3999999521443642e+38
CL108116004@,-33.944336,-9999.0,-9999.0,3.3999999521443642e+38
CL108116004@,-26.052734,-9999.0,-9999.0,3.3999999521443642e+38
CL108116004@,-21.935059,-9999.0,-9999.0,3.3999999521443642e+38
CL108116004@,-28.846191,-9999.0,-9999.0,3.3999999521443642e+38
CL108116004@,-29.287598,-9999.0,-9999.0,3.3999999521443642e+38
CL108116004@,-22.052734,-9999.0,-9999.0,3.3999999521443642e+38
CL108116004@,-17.052734,-9999.0,-9999.0,3.3999999521443642e+38
CL108116004@,-6.7470703,-9999.0,-9999.0,3.3999999521443642e+38
CL108116004@,-10.816406,-9999.0,-9999.0,3.3999999521443642e+38
CL108116004@,-38.356934,-9999.0,-9999.0,3.3999999521443642e+38
CL108116004@,-32.615723,-9999.0,-9999.0,3.3999999521443642e+38
CL108116004@,-23.052734,-9999.0,-9999.0,3.3999999521443642e+38
CL108116004@,-18.91455,-9999.0,-9999.0,3.3999999521443642e+38
CL108116004@,-22.84375,-9999.0,-9999.0,3.3999999521443642e+38
CL108116004@,-28.631348,-9999.0,-9999.0,3.3999999521443642e+38
CL108116004@,-20.452637,-9999.0,-9999.0,3.3999999521443642e+38
CL108116004@,-26.47754,-9999.0,-9999.0,3.3999999521443642e+38
CL108116004@,-32.45703,-9999.0,-9999.0,3.3999999521443642e+38
CL108116004@,-27.933594,-9999.0,-9999.0,3.3999999521443642e+38
CL108116004@,-22.052734,-9999.0,-9999.0,3.3999999521443642e+38
CL108116004@,-19.635742,-9999.0,-9999.0,3.3999999521443642e+38
CL108116004@,-27.942871,-9999.0,-9999.0,3.3999999521443642e+38
CL108116004@,-28.681152,-9999.0,-9999.0,3.3999999521443642e+38
CL108116004@,-24.71045,-9999.0,-9999.0,3.3999999521443642e+38
CL108116004@,-23.529297,-9999.0,-9999.0,3.3999999521443642e+38
CL108116004@,-27.280762,-9999.0,-9999.0,3.3999999521443642e+38
CL108116004@,-20.287598,-9999.0,-9999.0,3.3999999521443642e+38
CL108116004@,-25.363281,-9999.0,-9999.0,3.3999999521443642e+38
CL108116004@,-18.052734,-9999.0,-9999.0,3.3999999521443642e+38
CL108105003A,-15.052734,-9999.0,-9999.0,3.3999999521443642e+38
CL108105003A,-10.052734,-9999.0,-9999.0,3.3999999521443642e+38
CL108105003A,-6.345215,-9999.0,-9999.0,3.3999999521443642e+38
CL108105003A,-3.3242188,-9999.0,-9999.0,3.3999999521443642e+38
CL108105003A,2.9472656,0.9548412561416626,270.0,138.0
CL108105003A,-6.0527344,0.754894495010376,251.56504821777344,139.0
CL108105003A,-14.052734,1.067520260810852,26.565052032470703,138.0
CL108105003A,-13.058105,0.9548412561416626,0.0,138.0
CL108105003A,-6.864258,0.754894495010376,341.5650634765625,138.0
CL108105003A,-4.436035,0.6752060055732727,225.0,139.0
CL108105003A,-2.5454102,0.4774537682533264,90.0,138.0
CL108105003A,2.8164062,0.0,270.0,137.0
CL108105003A,-0.41455078,1.2171181440353394,258.6900634765625,138.0
CL108105003A,-5.4746094,1.0127503871917725,225.0,139.0
CL108105003A,-9.052734,0.4774537682533264,180.0,139.0
CL108105003A,-12.052734,0.754894495010376,341.5650634765625,139.0
CL108105003A,-14.052734,1.432096242904663,0.0,139.0
CL108105003A,-11.661621,1.0127503871917725,45.0,139.0
CL108105003A,-4.0527344,0.3376147150993347,315.0,138.0
CL108105003A,-4.0527344,0.3376147150993347,315.0,138.0
CL108105003A,-5.0527344,0.9548412561416626,0.0,138.0
CL108105003A,-13.052734,1.432096242904663,0.0,138.0
CL108105003A,-18.471191,1.067520260810852,333.4349365234375,138.0
CL108105003A,-14.933594,0.0,270.0,138.0
CL108105003A,-6.7646484,0.6752060055732727,225.0,138.0
CL108105003A,-7.0527344,1.2171181440353394,258.6900634765625,139.0
CL108105003A,-9.052734,0.0,270.0,140.0
CL108105003A,-10.209961,0.4774537682533264,0.0,138.0
CL108105003A,-4.0527344,1.39176344871521,239.03623962402344,138.0
CL108105003A,-2.0527344,0.3376147150993347,225.0,138.0
CL108105003A,-1.0527344,0.3376147150993347,225.0,138.0
CL108105003A,-2.0527344,0.754894495010376,198.43495178222656,139.0
CL108105003A,-8.052734,0.754894495010376,198.43495178222656,139.0
CL108105003A,-14.052734,0.3376147150993347,225.0,139.0
CL108105003A,-16.079102,0.4774537682533264,90.0,139.0
CL108105003A,-13.196777,0.4774537682533264,270.0,138.0
CL108105003A,-4.8085938,1.432096242904663,270.0,139.0
CL108105003A,-5.0527344,0.3376147150993347,315.0,139.0
CL108105003A,-12.589355,1.2171181440353394,11.309932708740234,139.0
CL108105003A,-7.1904297,0.3376147150993347,315.0,139.0
CL108105003A,1.9472656,0.754894495010376,161.56504821777344,138.0
CL108105003A,-0.052734375,2.1342999935150146,153.43495178222656,137.0
CL108105003A,-3.0527344,3.109632968902588,184.39871215820312,137.0
CL108105003A,-6.0527344,3.0169613361358643,198.43495178222656,138.0
CL108105003A,-8.052734,1.9091523885726929,180.0,138.0
CL108105003A,-9.170898,1.39176344871521,210.96376037597656,138.0
CL108105003A,-10.939941,1.8175220489501953,246.80140686035156,139.0
CL108105003A,-3.8989258,0.9548412561416626,270.0,140.0
CL108105003A,-9.052734,0.754894495010376,341.5650634765625,140.0
CL108105003A,-12.475098,1.0127503871917725,45.0,140.0
CL108105003A,-7.359375,0.9548412561416626,90.0,139.0
CL108105003A,-4.0527344,2.3619914054870605,225.0,136.0
CL108105003A,-7.0527344,1.39176344871521,210.96376037597656,137.0
CL108105003A,-7.0527344,1.350224494934082,225.0,137.0
CL108105003A,-7.26416,2.1342999935150146,243.43495178222656,138.0
CL108105003A,-9.552734,1.6876049041748047,225.0,139.0
CL108105003A,-10.89502,1.6876049041748047,188.13009643554688,140.0
CL108105003A,-14.660645,1.5095269680023193,161.56504821777344,140.0
CL108105003A,-4.0527344,1.721006155014038,303.6900634765625,136.0
CL108105003A,-13.158691,1.2171181440353394,191.3099365234375,139.0
CL108105003A,-14.838379,2.433138847351074,168.6900634765625,138.0
CL108105003A,-5.4277344,1.2171181440353394,191.3099365234375,137.0
CL108105003A,-5.7651367,0.754894495010376,18.434947967529297,137.0
CL108105003A,-3.3188477,2.1607890129089355,353.6598205566406,137.0
CL108105003A,-5.2788086,1.9678637981414795,345.9637451171875,137.0
CL108105003A,-7.0527344,1.721006155014038,326.3099365234375,137.0
CL108105003A,-21.052734,2.781886339187622,210.96376037597656,136.0
CL108105003A,-22.052734,2.0527751445770264,234.4623260498047,137.0
CL108105003A,-19.060547,0.754894495010376,251.56504821777344,138.0
CL108105003A,-14.322266,0.3376147150993347,315.0,138.0
CL108105003A,-8.712891,1.39176344871521,300.9637451171875,138.0
CL108105003A,-8.041504,0.754894495010376,341.5650634765625,139.0
CL108105003A,-19.052734,1.8175220489501953,203.19859313964844,137.0
CL108105003A,-22.466309,2.0527751445770264,234.4623260498047,138.0
CL108105003A,-13.052734,0.6752060055732727,135.0,136.0
CL108105003A,-23.052734,2.385944128036499,233.13009643554688,137.0
CL108105003A,-8.490723,0.9548412561416626,90.0,136.0
CL108105003A,-6.188965,0.754894495010376,18.434947967529297,137.0
CL108105003A,-23.052734,1.6876049041748047,188.13009643554688,137.0
CL108105003A,-22.365234,1.2171181440353394,168.6900634765625,137.0
CL108105003A,-13.964844,0.3376147150993347,315.0,137.0
CL108105003A,-20.052734,1.0127503871917725,225.0,136.0
CL108105003A,-18.913086,1.432096242904663,270.0,137.0
CL108105003A,-17.052734,1.350224494934082,225.0,136.0
CL108105003A,-15.052734,1.350224494934082,225.0,135.0
CL108105003A,-14.052734,2.2636361122131348,251.56504821777344,136.0
CL108105003A,-15.992676,0.9548412561416626,270.0,135.0
CL108105003A,-15.052734,2.635026454925537,275.1944274902344,136.0
CL108105003A,-29.557617,0.754894495010376,108.43495178222656,135.0
CL108105003A,-28.010742,0.9548412561416626,270.0,135.0
CL108105003A,-16.429688,2.635026454925537,264.8055725097656,136.0
CL108105003A,-18.350586,2.433138847351074,258.6900634765625,138.0
CL108105003A,-26.445312,0.9548412561416626,270.0,135.0
CL108105003A,-15.338379,1.9678637981414795,255.96376037597656,136.0
CL108130009@,23.52539,0.4774537682533264,90.0,144.0
CL108130009@,23.919922,1.2171181440353394,11.309932708740234,144.0
CL108130009@,23.606445,1.432096242904663,0.0,144.0
CL108130009@,19.969238,0.3376147150993347,45.0,145.0
CL108130009@,14.926758,0.0,270.0,145.0
CL108130009@,6.9472656,1.067520260810852,153.43495178222656,144.0
CL108130009@,2.9472656,0.9548412561416626,180.0,144.0
CL108130009@,3.5742188,0.754894495010376,161.56504821777344,144.0
CL108130009@,-0.6381836,0.754894495010376,161.56504821777344,144.0
CL108130009@,-5.664551,0.4774537682533264,270.0,144.0
CL108130009@,-0.64941406,0.754894495010376,341.5650634765625,144.0
CL108130009@,-9.684082,0.754894495010376,198.43495178222656,143.0
CL108130009@,-6.3740234,1.432096242904663,270.0,144.0
CL108130009@,-2.8779297,1.350224494934082,315.0,145.0
CL108130009@,4.2250977,0.754894495010376,108.43495178222656,144.0
CL108130009@,-4.6469727,0.754894495010376,288.4349365234375,143.0
CL108130009@,-7.0527344,1.9678637981414795,284.0362548828125,144.0
CL108130009@,-10.052734,1.8175220489501953,293.1985778808594,145.0
CL108130009@,-9.052734,1.067520260810852,333.4349365234375,146.0
CL108130009@,-3.880371,1.2171181440353394,348.6900634765625,144.0
CL108130009@,-5.105957,1.350224494934082,45.0,144.0
CL108130009@,-5.7539062,1.2171181440353394,11.309932708740234,143.0
CL108130009@,-15.052734,2.0527751445770264,324.4623107910156,144.0
CL108130009@,-16.052734,2.3619914054870605,315.0,144.0
CL108130009@,-17.052734,1.721006155014038,303.6900634765625,146.0
CL108130009@,-17.052734,0.0,270.0,146.0
CL108130009@,-14.052734,1.350224494934082,135.0,146.0
CL108130009@,-5.4335938,0.754894495010376,341.5650634765625,145.0
CL108130009@,-11.052246,1.39176344871521,30.963756561279297,145.0
CL108130009@,-9.390137,1.6876049041748047,351.8699035644531,144.0
CL108130009@,-26.333008,2.719923257827759,322.1250305175781,145.0
CL108130009@,-23.052734,2.1342999935150146,333.4349365234375,146.0
CL108130009@,-23.052734,0.754894495010376,341.5650634765625,146.0
CL108130009@,-26.052734,1.067520260810852,116.56504821777344,146.0
CL108130009@,-23.052734,2.0527751445770264,125.53768157958984,145.0
CL108130009@,-20.052734,1.6876049041748047,135.0,144.0
CL108130009@,-11.438477,0.4774537682533264,270.0,144.0
CL108130009@,-17.148926,0.6752060055732727,225.0,145.0
CL108130009@,-18.358398,0.0,270.0,145.0
CL108130009@,-19.829102,0.6752060055732727,315.0,145.0
CL108130009@,-33.57373,1.6876049041748047,278.1300964355469,146.0
CL108130009@,-34.60254,0.4774537682533264,270.0,147.0
CL108130009@,-33.052734,0.754894495010376,108.43495178222656,146.0
CL108130009@,-39.052734,1.5095269680023193,108.43495178222656,146.0
CL108130009@,-35.052734,1.432096242904663,90.0,144.0
CL108130009@,-13.881348,0.754894495010376,18.434947967529297,145.0
CL108130009@,-26.99707,0.3376147150993347,315.0,144.0
CL108130009@,-36.666016,0.754894495010376,288.4349365234375,145.0
CL108130009@,-32.052734,0.3376147150993347,315.0,145.0
CL108130009@,-29.769531,1.0127503871917725,225.0,145.0
CL108130009@,-40.947754,1.5095269680023193,198.43495178222656,146.0
CL108130009@,-44.052734,1.39176344871521,149.03623962402344,146.0
CL108130009@,-47.052734,1.067520260810852,116.56504821777344,145.0
CL108130009@,-20.61084,0.4774537682533264,180.0,145.0
CL108130009@,-29.83545,0.6752060055732727,315.0,145.0
CL108130009@,-42.29492,1.6876049041748047,315.0,145.0
CL108130009@,-40.515137,1.432096242904663,0.0,146.0
CL108130009@,-33.052734,1.0127503871917725,45.0,145.0
CL108130009@,-37.313477,0.4774537682533264,180.0,145.0
CL108130009@,-22.04541,1.350224494934082,135.0,144.0
CL108130009@,-29.761719,1.5095269680023193,198.43495178222656,144.0
CL108130009@,-34.095703,1.8175220489501953,246.80140686035156,145.0
CL108130009@,-37.106934,1.9678637981414795,284.0362548828125,146.0
CL108130009@,-41.279297,1.2171181440353394,348.6900634765625,147.0
CL108130009@,-27.691895,2.3619914054870605,45.0,144.0
CL108130009@,-30.740723,0.754894495010376,18.434947967529297,143.0
CL108130009@,-32.952637,1.9678637981414795,255.96376037597656,144.0
CL108130009@,-36.324707,2.569502830505371,248.19859313964844,146.0
CL108130009@,-25.90918,3.6313934326171875,23.198591232299805,146.0
CL108130009@,-27.611328,3.5204050540924072,28.300756454467773,145.0
CL108130009@,-25.409668,1.2171181440353394,348.6900634765625,144.0
CL108101048B,-14.052734,-9999.0,-9999.0,3.3999999521443642e+38
CL108101048B,-11.052734,-9999.0,-9999.0,3.3999999521443642e+38
CL108101048B,-12.052734,-9999.0,-9999.0,3.3999999521443642e+38
CL108101048B,-14.370117,-9999.0,-9999.0,3.3999999521443642e+38
CL108101048B,-13.868652,-9999.0,-9999.0,3.3999999521443642e+38
CL108101048B,-9.03418,-9999.0,-9999.0,3.3999999521443642e+38
CL108101048B,-5.9726562,-9999.0,-9999.0,3.3999999521443642e+38
CL108101048B,-9.035156,-9999.0,-9999.0,3.3999999521443642e+38
CL108101048B,-17.737793,-9999.0,-9999.0,3.3999999521443642e+38
CL108101048B,-11.689941,-9999.0,-9999.0,3.3999999521443642e+38
CL108101048B,-6.45166,-9999.0,-9999.0,3.3999999521443642e+38
CL108101048B,-8.052734,-9999.0,-9999.0,3.3999999521443642e+38
CL108101048B,-11.052734,-9999.0,-9999.0,3.3999999521443642e+38
CL108101048B,-16.052734,-9999.0,-9999.0,3.3999999521443642e+38
CL108101048B,-17.418457,-9999.0,-9999.0,3.3999999521443642e+38
CL108101048B,-10.674805,-9999.0,-9999.0,3.3999999521443642e+38
CL108101048B,-2.5014648,-9999.0,-9999.0,3.3999999521443642e+38
CL108101048B,-23.512695,-9999.0,-9999.0,3.3999999521443642e+38
CL108101048B,-19.083008,-9999.0,-9999.0,3.3999999521443642e+38
CL108101048B,-7.938965,-9999.0,-9999.0,3.3999999521443642e+38
CL108101048B,-5.0527344,-9999.0,-9999.0,3.3999999521443642e+38
CL108101048B,-10.052734,-9999.0,-9999.0,3.3999999521443642e+38
CL108101048B,-13.052734,-9999.0,-9999.0,3.3999999521443642e+38
CL108101048B,-17.052734,-9999.0,-9999.0,3.3999999521443642e+38
CL108101048B,-14.229492,-9999.0,-9999.0,3.3999999521443642e+38
CL108101048B,-3.9404297,-9999.0,-9999.0,3.3999999521443642e+38
CL108101048B,0.9472656,-9999.0,-9999.0,3.3999999521443642e+38
CL108101048B,-14.052734,-9999.0,-9999.0,3.3999999521443642e+38
CL108101048B,-21.052734,-9999.0,-9999.0,3.3999999521443642e+38
CL108101048B,-17.391602,-9999.0,-9999.0,3.3999999521443642e+38
CL108101048B,-6.229004,-9999.0,-9999.0,3.3999999521443642e+38
CL108101048B,-9.052734,-9999.0,-9999.0,3.3999999521443642e+38
CL108101048B,-12.052734,-9999.0,-9999.0,3.3999999521443642e+38
CL108101048B,-14.052734,-9999.0,-9999.0,3.3999999521443642e+38
CL108101048B,-17.60791,-9999.0,-9999.0,3.3999999521443642e+38
CL108101048B,-13.928223,-9999.0,-9999.0,3.3999999521443642e+38
CL108101048B,1.9472656,-9999.0,-9999.0,3.3999999521443642e+38
CL108101048B,-6.0527344,-9999.0,-9999.0,3.3999999521443642e+38
CL108101048B,-14.052734,-9999.0,-9999.0,3.3999999521443642e+38
CL108101048B,-20.052734,-9999.0,-9999.0,3.3999999521443642e+38
CL108101048B,-18.190918,-9999.0,-9999.0,3.3999999521443642e+38
CL108101048B,-8.775391,-9999.0,-9999.0,3.3999999521443642e+38
CL108101048B,-13.052734,-9999.0,-9999.0,3.3999999521443642e+38
CL108101048B,-14.052734,-9999.0,-9999.0,3.3999999521443642e+38
CL108101048B,-18.052734,-9999.0,-9999.0,3.3999999521443642e+38
CL108101048B,-14.513672,-9999.0,-9999.0,3.3999999521443642e+38
CL108101048B,0.5649414,-9999.0,-9999.0,3.3999999521443642e+38
CL108101048B,1.9472656,-9999.0,-9999.0,3.3999999521443642e+38
CL108101048B,-3.0527344,-9999.0,-9999.0,3.3999999521443642e+38
CL108101048B,-3.0527344,-9999.0,-9999.0,3.3999999521443642e+38
CL108101048B,-11.052734,-9999.0,-9999.0,3.3999999521443642e+38
CL108101048B,-19.052734,-9999.0,-9999.0,3.3999999521443642e+38
CL108101048B,-19.326172,-9999.0,-9999.0,3.3999999521443642e+38
CL108101048B,-13.137695,-9999.0,-9999.0,3.3999999521443642e+38
CL108101048B,-11.052734,-9999.0,-9999.0,3.3999999521443642e+38
CL108101048B,-12.052734,-9999.0,-9999.0,3.3999999521443642e+38
CL108101048B,-14.052734,-9999.0,-9999.0,3.3999999521443642e+38
CL108101048B,-14.291016,-9999.0,-9999.0,3.3999999521443642e+38
CL108101048B,-3.1518555,-9999.0,-9999.0,3.3999999521443642e+38
CL108101048B,3.9472656,-9999.0,-9999.0,3.3999999521443642e+38
CL108101048B,-1.0527344,-9999.0,-9999.0,3.3999999521443642e+38
CL108101048B,-5.0527344,-9999.0,-9999.0,3.3999999521443642e+38
CL108101048B,-3.2324219,-9999.0,-9999.0,3.3999999521443642e+38
CL108101048B,-8.052734,-9999.0,-9999.0,3.3999999521443642e+38
CL108101048B,-17.052734,-9999.0,-9999.0,3.3999999521443642e+38
CL108101048B,-21.164062,-9999.0,-9999.0,3.3999999521443642e+38
CL108101048B,-15.935547,-9999.0,-9999.0,3.3999999521443642e+38
CL108101048B,-9.052734,-9999.0,-9999.0,3.3999999521443642e+38
CL108101048B,-10.052734,-9999.0,-9999.0,3.3999999521443642e+38
CL108101048B,-11.052734,-9999.0,-9999.0,3.3999999521443642e+38
CL108101048B,-13.052734,-9999.0,-9999.0,3.3999999521443642e+38
CL108101048B,-5.836914,-9999.0,-9999.0,3.3999999521443642e+38
CL108101048B,8.947266,-9999.0,-9999.0,3.3999999521443642e+38
CL108101048B,1.9472656,-9999.0,-9999.0,3.3999999521443642e+38
CL108101048B,-2.0527344,-9999.0,-9999.0,3.3999999521443642e+38
CL108101048B,-1.5380859,-9999.0,-9999.0,3.3999999521443642e+38
CL108101048B,-4.2124023,-9999.0,-9999.0,3.3999999521443642e+38
CL108101048B,-12.052734,-9999.0,-9999.0,3.3999999521443642e+38
CL108101048B,-19.082031,-9999.0,-9999.0,3.3999999521443642e+38
CL108101048B,-14.811523,-9999.0,-9999.0,3.3999999521443642e+38
CL108101048B,-7.0527344,-9999.0,-9999.0,3.3999999521443642e+38
CL108101048B,-9.052734,-9999.0,-9999.0,3.3999999521443642e+38
CL108101048B,-10.052734,-9999.0,-9999.0,3.3999999521443642e+38
CL108101048B,-11.052734,-9999.0,-9999.0,3.3999999521443642e+38
CL108101048B,-4.4467773,-9999.0,-9999.0,3.3999999521443642e+38
CL108101048B,9.70166,-9999.0,-9999.0,3.3999999521443642e+38
CL108101048B,4.9472656,-9999.0,-9999.0,3.3999999521443642e+38
CL108101048B,-0.052734375,-9999.0,-9999.0,3.3999999521443642e+38
CL108101048B,-4.5249023,-9999.0,-9999.0,3.3999999521443642e+38
CL108101048B,-4.804199,-9999.0,-9999.0,3.3999999521443642e+38
CL108101048B,-13.052734,-9999.0,-9999.0,3.3999999521443642e+38
CL108101048B,-17.49121,-9999.0,-9999.0,3.3999999521443642e+38
CL108101048B,-12.647461,-9999.0,-9999.0,3.3999999521443642e+38
CL108101048B,-4.0527344,-9999.0,-9999.0,3.3999999521443642e+38
CL108101048B,-8.052734,0.754894495010376,18.434947967529297,137.0
CL108101048B,-9.052734,0.3376147150993347,45.0,137.0
CL108101048B,-9.052734,0.754894495010376,288.4349365234375,137.0
CL108101048B,-6.0043945,0.754894495010376,251.56504821777344,138.0
CL108101048B,2.4331055,0.754894495010376,108.43495178222656,138.0
CL108101048B,4.9472656,0.3376147150993347,45.0,137.0
CL108101048B,-13.921387,2.862405300140381,90.0,138.0
CL108101048B,-17.345215,2.1607890129089355,83.65980529785156,136.0
CL108101048B,-14.798828,0.4774537682533264,0.0,135.0
CL108101048B,-7.40625,2.1607890129089355,276.3401794433594,136.0
CL108101048B,-1.0527344,1.2171181440353394,258.6900634765625,138.0
CL108101048B,-4.0527344,1.0127503871917725,45.0,138.0
CL108101048B,-6.0527344,1.0127503871917725,45.0,137.0
CL108101048B,-7.0527344,0.4774537682533264,270.0,137.0
CL108101048B,-9.052734,1.067520260810852,243.43495178222656,138.0
CL108101048B,-7.2285156,0.4774537682533264,90.0,138.0
CL108101048B,3.147461,0.6752060055732727,45.0,137.0
CL108101048B,-15.987305,2.569502830505371,68.19859313964844,136.0
CL108101048B,-2.9018555,1.6876049041748047,351.8699035644531,135.0
CL108101048B,2.3735352,2.781886339187622,300.9637451171875,136.0
CL108101048B,-0.052734375,1.5095269680023193,288.4349365234375,138.0
CL108101048B,-2.0527344,0.3376147150993347,45.0,138.0
CL108101048B,-4.0527344,1.2171181440353394,78.69007110595703,138.0
CL108101048B,-5.0527344,1.0127503871917725,135.0,137.0
CL108101048B,-8.052734,1.721006155014038,213.6900634765625,137.0
CL108101048B,-8.853027,1.0127503871917725,225.0,138.0
CL108101048B,-1.2138672,0.3376147150993347,45.0,138.0
CL108101048B,-7.0527344,1.350224494934082,225.0,136.0
CL108101048B,-10.021973,1.8175220489501953,246.80140686035156,137.0
CL108105003B,-1.6577148,-9999.0,-9999.0,3.3999999521443642e+38
CL108105003B,8.431152,-9999.0,-9999.0,3.3999999521443642e+38
CL108105003B,18.13916,-9999.0,-9999.0,3.3999999521443642e+38
CL108105003B,10.188477,-9999.0,-9999.0,3.3999999521443642e+38
CL108105003B,11.218262,-9999.0,-9999.0,3.3999999521443642e+38
CL108105003B,1.090332,-9999.0,-9999.0,3.3999999521443642e+38
CL108105003B,3.0898438,-9999.0,-9999.0,3.3999999521443642e+38
CL108105003B,-7.614258,-9999.0,-9999.0,3.3999999521443642e+38
CL108105003B,-6.852539,-9999.0,-9999.0,3.3999999521443642e+38
CL108105003B,-3.0078125,0.754894495010376,108.43495178222656,137.0
CL108105003B,-15.233398,1.2171181440353394,281.3099365234375,135.0
CL108105003B,-15.781738,2.1342999935150146,243.43495178222656,137.0
CL108105003B,-11.578125,1.350224494934082,225.0,138.0
CL108105003B,-7.9941406,0.3376147150993347,225.0,138.0
CL108105003B,10.947266,1.067520260810852,26.565052032470703,137.0
CL108105003B,9.947266,1.350224494934082,45.0,137.0
CL108105003B,3.9472656,2.1342999935150146,63.4349479675293,136.0
CL108105003B,-6.0527344,1.350224494934082,45.0,135.0
CL108105003B,-12.052734,1.39176344871521,300.9637451171875,135.0
CL108105003B,-16.052734,2.1607890129089355,276.3401794433594,136.0
CL108105003B,-18.052734,1.432096242904663,270.0,137.0
CL108105003B,-20.138184,0.4774537682533264,270.0,138.0
CL108105003B,14.947266,0.6752060055732727,45.0,138.0
CL108105003B,14.947266,1.067520260810852,63.4349479675293,138.0
CL108105003B,10.947266,1.8175220489501953,66.80140686035156,137.0
CL108105003B,-1.0527344,1.350224494934082,45.0,136.0
CL108105003B,-6.0527344,1.350224494934082,315.0,136.0
CL108105003B,-7.0527344,2.1342999935150146,296.5650634765625,137.0
CL108105003B,-7.0527344,1.39176344871521,300.9637451171875,138.0
CL108105003B,-13.052734,0.3376147150993347,315.0,138.0
CL108105003B,17.947266,1.2171181440353394,258.6900634765625,137.0
CL108105003B,16.131348,1.350224494934082,135.0,137.0
CL108105003B,14.896973,1.39176344871521,120.96375274658203,137.0
CL108105003B,6.9472656,0.754894495010376,108.43495178222656,136.0
CL108105003B,4.9472656,0.754894495010376,251.56504821777344,136.0
CL108105003B,5.9472656,1.8175220489501953,246.80140686035156,137.0
CL108105003B,5.9472656,1.39176344871521,239.03623962402344,138.0
CL108105003B,-3.0527344,0.3376147150993347,225.0,138.0
CL108105003B,15.099609,1.0127503871917725,225.0,136.0
CL108105003B,14.403809,1.350224494934082,135.0,137.0
CL108105003B,9.435547,1.350224494934082,135.0,137.0
CL108105003B,12.715332,1.0127503871917725,135.0,136.0
CL108105003B,11.216309,0.6752060055732727,135.0,136.0
CL108105003B,10.216309,0.9548412561416626,180.0,136.0
CL108105003B,11.268555,2.0527751445770264,215.5376739501953,136.0
CL108105003B,10.92041,2.3619914054870605,225.0,137.0
CL108105003B,4.505371,0.3376147150993347,315.0,136.0
CL108105003B,0.016601562,0.3376147150993347,225.0,136.0
CL108105003B,-0.052734375,1.721006155014038,146.3099365234375,137.0
CL108105003B,-1.0527344,1.721006155014038,146.3099365234375,136.0
CL108105003B,-2.0527344,1.5095269680023193,161.56504821777344,136.0
CL108105003B,-5.0527344,1.8175220489501953,156.80140686035156,136.0
CL108105003B,-6.0527344,1.9678637981414795,165.96376037597656,135.0
CL108105003B,-2.0527344,1.8175220489501953,156.80140686035156,136.0
CL108105003B,-3.0527344,1.721006155014038,146.3099365234375,135.0
CL108105003B,-4.0527344,2.1342999935150146,153.43495178222656,135.0
CL108105003B,-5.0527344,1.39176344871521,120.96375274658203,135.0
CL108105003B,2.9472656,2.1607890129089355,96.34019470214844,133.0
CL108105003B,1.4379883,1.6876049041748047,98.1301040649414,134.0
CL108130007@,12.219727,2.719923257827759,344.744873046875,145.0
CL108130007@,11.674805,3.931095838546753,14.036243438720703,145.0
CL108130007@,3.1103516,1.350224494934082,225.0,144.0
CL108130007@,7.9472656,0.754894495010376,198.43495178222656,144.0
CL108130007@,8.865234,0.3376147150993347,135.0,144.0
CL108130007@,2.3583984,0.754894495010376,288.4349365234375,144.0
CL108130007@,4.239746,1.721006155014038,303.6900634765625,145.0
CL108130007@,4.6381836,2.0527751445770264,324.4623107910156,146.0
CL108130007@,-1.8393555,2.719923257827759,322.1250305175781,146.0
CL108130007@,5.323242,2.635026454925537,5.19442892074585,148.0
CL108130007@,5.333008,0.9548412561416626,180.0,143.0
CL108130007@,5.4541016,0.754894495010376,161.56504821777344,143.0
CL108130007@,7.7250977,0.4774537682533264,180.0,143.0
CL108130007@,1.265625,1.067520260810852,243.43495178222656,143.0
CL108130007@,-4.7250977,0.9548412561416626,270.0,144.0
CL108130007@,1.6132812,0.4774537682533264,0.0,144.0
CL108130007@,2.446289,0.4774537682533264,270.0,144.0
CL108130007@,-9.197754,1.8175220489501953,246.80140686035156,145.0
CL108130007@,7.1186523,1.067520260810852,26.565052032470703,143.0
CL108130007@,-0.9238281,0.754894495010376,18.434947967529297,143.0
CL108130007@,-7.033203,0.4774537682533264,90.0,143.0
CL108130007@,-3.9770508,0.4774537682533264,180.0,143.0
CL108130007@,-5.0268555,1.2171181440353394,258.6900634765625,143.0
CL108130007@,-1.8754883,0.4774537682533264,0.0,144.0
CL108130007@,-7.8530273,1.0127503871917725,45.0,144.0
CL108130007@,-10.369141,1.432096242904663,90.0,143.0
CL108130007@,-16.02295,0.4774537682533264,180.0,142.0
CL108130007@,-10.965332,1.6876049041748047,261.8699035644531,143.0
CL108130007@,-14.819336,1.6876049041748047,261.8699035644531,143.0
CL108130007@,-9.227051,1.2171181440353394,258.6900634765625,143.0
CL108130007@,-13.209961,1.2171181440353394,11.309932708740234,142.0
CL108130007@,11.027344,0.754894495010376,161.56504821777344,144.0
CL108130007@,5.967285,1.6876049041748047,351.8699035644531,144.0
CL108130007@,-2.319336,2.1607890129089355,6.340191841125488,144.0
CL108130007@,4.9472656,1.39176344871521,149.03623962402344,143.0
CL108130007@,3.8510742,1.2171181440353394,258.6900634765625,144.0
CL108130007@,1.6557617,1.067520260810852,116.56504821777344,143.0
CL108130007@,4.9472656,0.4774537682533264,180.0,142.0
CL108130007@,11.29834,1.6876049041748047,261.8699035644531,143.0
CL108130007@,12.771484,1.067520260810852,116.56504821777344,143.0
CL108130007@,0.8222656,0.754894495010376,71.56504821777344,143.0
CL108130007@,-2.6948242,0.4774537682533264,0.0,142.0
CL108130007@,5.5112305,0.0,270.0,143.0
CL108130007@,6.9472656,0.754894495010376,18.434947967529297,143.0
CL108130007@,4.1342773,1.2171181440353394,11.309932708740234,143.0
CL108130007@,10.4453125,1.0127503871917725,315.0,143.0
CL108130007@,-1.9384766,1.8175220489501953,336.8014221191406,144.0
CL108130007@,-6.8881836,2.1607890129089355,353.6598205566406,144.0
CL108130007@,-5.0527344,2.635026454925537,354.8055725097656,144.0
CL108130007@,4.845215,2.0248682498931885,315.0,144.0
CL108130007@,-2.515625,1.39176344871521,329.0362548828125,145.0
CL108130007@,-13.614746,1.39176344871521,329.0362548828125,145.0
CL108130007@,-15.345703,1.8175220489501953,336.8014221191406,146.0
CL108130007@,-0.07324219,1.8175220489501953,293.1985778808594,144.0
CL108130007@,-6.4121094,1.067520260810852,296.5650634765625,145.0
CL108130007@,-10.205566,0.3376147150993347,225.0,145.0
CL108130007@,-11.69043,1.067520260810852,243.43495178222656,145.0
CL108130007@,-18.120117,1.0127503871917725,225.0,146.0
CL108130007@,7.727051,1.9091523885726929,270.0,144.0
CL108130007@,-8.901367,0.4774537682533264,270.0,145.0
CL108130007@,-18.119629,0.0,270.0,144.0
CL108130007@,-13.685059,0.754894495010376,251.56504821777344,145.0
CL108130007@,5.9472656,1.432096242904663,270.0,143.0
CL108130007@,-1.0527344,1.8175220489501953,246.80140686035156,144.0
CL108130007@,-9.659668,1.0127503871917725,225.0,145.0
CL108130007@,-5.0527344,0.754894495010376,288.4349365234375,143.0
CL108101048A,-7.164551,1.39176344871521,329.0362548828125,136.0
CL108101048A,-8.222656,1.432096242904663,270.0,137.0
CL108101048A,-8.176758,2.1342999935150146,243.43495178222656,137.0
CL108101048A,-18.345703,2.719923257827759,232.12501525878906,139.0
CL108101048A,-22.943848,2.385944128036499,216.86990356445312,140.0
CL108101048A,9.274902,2.0527751445770264,35.53767776489258,137.0
CL108101048A,-2.1972656,1.432096242904663,0.0,137.0
CL108101048A,-8.604004,0.3376147150993347,315.0,137.0
CL108101048A,-0.5698242,1.0127503871917725,135.0,137.0
CL108101048A,5.5444336,0.6752060055732727,135.0,136.0
CL108101048A,-1.3095703,1.5095269680023193,288.4349365234375,137.0
CL108101048A,-6.7421875,2.0527751445770264,305.5376892089844,138.0
CL108101048A,-11.203613,1.9091523885726929,0.0,139.0
CL108101048A,-16.44336,2.781886339187622,30.963756561279297,138.0
CL108101048A,-16.113281,1.9678637981414795,14.036243438720703,137.0
CL108101048A,-13.029297,1.39176344871521,329.0362548828125,137.0
CL108101048A,-14.443359,1.067520260810852,296.5650634765625,138.0
CL108101048A,-29.279297,1.350224494934082,225.0,138.0
CL108101048A,-31.783691,2.719923257827759,195.25511169433594,139.0
CL108101048A,12.733398,1.067520260810852,26.565052032470703,139.0
CL108101048A,14.298828,1.067520260810852,26.565052032470703,139.0
CL108101048A,0.05126953,1.39176344871521,30.963756561279297,139.0
CL108101048A,-4.3549805,1.8175220489501953,23.198591232299805,138.0
CL108101048A,-10.927246,1.8175220489501953,23.198591232299805,138.0
CL108101048A,-12.530273,1.350224494934082,45.0,137.0
CL108101048A,-3.3286133,1.2171181440353394,78.69007110595703,137.0
CL108101048A,1.7841797,0.0,270.0,136.0
CL108101048A,-6.414551,1.6876049041748047,261.8699035644531,137.0
CL108101048A,-9.1328125,1.8175220489501953,246.80140686035156,138.0
CL108101048A,-10.427734,1.0127503871917725,225.0,139.0
CL108101048A,-16.506836,0.754894495010376,71.56504821777344,139.0
CL108101048A,-19.132812,1.39176344871521,30.963756561279297,138.0
CL108101048A,4.8603516,2.882181167602539,335.5560302734375,140.0
CL108101048A,8.269531,2.569502830505371,21.801408767700195,140.0
CL108101048A,3.678711,1.6876049041748047,45.0,139.0
CL108101048A,-12.39209,0.754894495010376,18.434947967529297,139.0
CL108101048A,-13.49707,1.432096242904663,0.0,139.0
CL108101048A,-18.844727,2.1342999935150146,26.565052032470703,139.0
CL108101048A,-13.838867,2.3619914054870605,45.0,138.0
CL108101048A,-4.1918945,2.1342999935150146,63.4349479675293,137.0
CL108101048A,-0.47998047,0.3376147150993347,45.0,136.0
CL108101048A,-10.104004,1.2171181440353394,258.6900634765625,137.0
CL108101048A,-9.673828,1.350224494934082,225.0,137.0
CL108101048A,-8.609863,1.721006155014038,213.6900634765625,138.0
CL108101048A,-11.675293,1.0127503871917725,225.0,138.0
CL108101048A,-17.661621,0.3376147150993347,45.0,139.0
CL108101048A,-11.046387,0.754894495010376,71.56504821777344,138.0
CL108101048A,-1.8969727,2.1607890129089355,83.65980529785156,140.0
CL108101048A,-15.06543,0.4774537682533264,270.0,140.0
CL108101048A,-22.644043,0.754894495010376,71.56504821777344,140.0
CL108101048A,-15.870605,1.8175220489501953,66.80140686035156,139.0
CL108101048A,-7.9526367,2.569502830505371,68.19859313964844,138.0
CL108101048A,-6.1098633,1.0127503871917725,45.0,136.0
CL108101048A,-11.401855,0.754894495010376,288.4349365234375,137.0
CL108101048A,-6.878418,1.0127503871917725,225.0,137.0
CL108101048A,-8.376953,1.8175220489501953,246.80140686035156,138.0
CL108101048A,-13.6953125,0.4774537682533264,270.0,139.0
CL108101048A,-8.808105,1.2171181440353394,78.69007110595703,138.0
CL108101048A,-4.7958984,1.6876049041748047,261.8699035644531,141.0
CL108101048A,1.6621094,2.456394672393799,119.05460357666016,141.0
CL108101048A,0.25830078,2.569502830505371,111.80140686035156,139.0
CL108101048A,-13.776855,1.2171181440353394,191.3099365234375,140.0
CL108101048A,-7.5493164,1.8175220489501953,203.19859313964844,140.0
CL108101048A,-7.5976562,1.721006155014038,213.6900634765625,140.0
CL108101048A,-0.96533203,1.2171181440353394,101.30992889404297,141.0
CL108101048A,1.9477539,2.433138847351074,78.69007110595703,139.0
CL108101048A,2.4101562,0.9548412561416626,90.0,138.0
CL108101048A,-2.400879,1.067520260810852,153.43495178222656,138.0
CL108101048A,-12.881836,2.0248682498931885,225.0,139.0
CL108101048A,-14.3203125,0.6752060055732727,225.0,139.0
CL108101048A,-7.7285156,0.4774537682533264,270.0,139.0
CL108101048A,-7.2124023,1.2171181440353394,258.6900634765625,140.0
CL108101048A,-0.7265625,0.3376147150993347,135.0,141.0
CL108101048A,0.70703125,1.9678637981414795,75.96375274658203,140.0
CL108101048A,2.2514648,1.721006155014038,56.309932708740234,139.0
CL108101048A,-2.5751953,1.350224494934082,45.0,138.0
CL108101048A,-8.722168,0.9548412561416626,0.0,137.0
CL108101048A,-13.262207,2.385944128036499,270.0,138.0
CL108101048A,-14.619629,1.39176344871521,300.9637451171875,140.0
CL108101048A,-8.736816,0.3376147150993347,45.0,140.0
CL108101048A,-7.8588867,1.432096242904663,180.0,140.0
CL108101048A,-6.319336,2.385944128036499,180.0,140.0
CL108101048A,-2.709961,1.8175220489501953,156.80140686035156,140.0
CL108101048A,-3.3881836,0.4774537682533264,90.0,139.0
CL108101048A,-17.4292,3.0169613361358643,288.4349365234375,139.0
CL108101048A,-18.42627,1.067520260810852,296.5650634765625,140.0
CL108101048A,-14.9765625,3.109632968902588,147.52880859375,138.0
CL108101048A,-15.482422,3.338470458984375,180.0,138.0
CL108101048A,-10.333496,2.719923257827759,195.25511169433594,138.0
CL108101048A,-6.380371,1.721006155014038,236.3099365234375,139.0
CL108101048A,-1.7133789,1.721006155014038,303.6900634765625,140.0
CL108101048A,-17.516602,1.9091523885726929,270.0,138.0
CL108101048A,-19.450195,2.862405300140381,270.0,139.0
CL108101048A,-18.057617,0.4774537682533264,270.0,141.0
CL108101048A,-8.322754,2.719923257827759,254.74488830566406,138.0
CL108101048A,-2.6362305,2.862405300140381,270.0,140.0
CL108101048A,-1.8344727,1.721006155014038,303.6900634765625,142.0
CL108101048A,-5.2768555,1.0127503871917725,45.0,137.0
CL108101048A,-15.052734,1.5095269680023193,251.56504821777344,137.0
CL108101048A,-18.623535,2.781886339187622,239.03623962402344,139.0
CL108101048A,-16.746582,1.8175220489501953,203.19859313964844,140.0
CL108101048A,-10.691406,3.199601411819458,243.43495178222656,140.0
CL108101048A,-11.624512,2.719923257827759,232.12501525878906,141.0
CL108101048A,-15.943848,2.0248682498931885,45.0,138.0
CL108101048A,-13.431641,0.754894495010376,341.5650634765625,137.0
CL108101048A,-20.474121,1.39176344871521,239.03623962402344,138.0
CL108101048A,-20.196777,1.721006155014038,213.6900634765625,138.0
CL108101048A,-10.00293,1.432096242904663,0.0,138.0
CL108101048A,-12.052734,1.9678637981414795,345.9637451171875,138.0
CL108101048A,-18.554688,1.5095269680023193,341.5650634765625,138.0
CL108101048A,-15.46582,0.754894495010376,288.4349365234375,139.0
CL108101048A,-7.605957,0.6752060055732727,315.0,140.0
CL108101048A,-21.375977,0.4774537682533264,0.0,140.0
CL108101048A,-18.052734,1.067520260810852,243.43495178222656,138.0
CL108101048A,-21.111816,1.432096242904663,180.0,139.0
CL108101048A,-12.699707,2.862405300140381,180.0,138.0
CL108101048A,-21.052734,2.719923257827759,195.25511169433594,139.0
CL108101048A,1.9472656,1.721006155014038,213.6900634765625,137.0
CL108101048A,-5.0527344,1.39176344871521,210.96376037597656,137.0
CL108101048A,-13.052734,1.39176344871521,210.96376037597656,138.0
CL108101048A,-21.098633,2.0527751445770264,144.4623260498047,138.0
CL108101048A,-16.845215,2.2636361122131348,161.56504821777344,136.0
CL108101048A,8.947266,1.432096242904663,270.0,136.0
CL108101048A,5.9472656,0.9548412561416626,270.0,136.0
CL108101048A,-2.0527344,0.754894495010376,251.56504821777344,137.0
CL108101048A,-9.052734,0.754894495010376,198.43495178222656,137.0
CL108101048A,-15.764648,1.067520260810852,116.56504821777344,137.0
CL108101048A,-13.249023,0.754894495010376,71.56504821777344,136.0
CL108101048A,10.947266,1.6876049041748047,278.1300964355469,136.0
CL108101048A,9.947266,0.754894495010376,288.4349365234375,137.0
CL108101048A,1.9472656,0.3376147150993347,225.0,137.0
CL108101048A,-7.0527344,0.3376147150993347,225.0,137.0
CL108101048A,-10.463867,0.3376147150993347,45.0,137.0
CL108101048A,-5.6347656,0.9548412561416626,0.0,137.0
CL108101048A,12.947266,1.432096242904663,270.0,136.0
CL108101048A,12.947266,0.754894495010376,198.43495178222656,137.0
CL108101048A,4.9472656,0.9548412561416626,180.0,136.0
CL108101048A,-5.803711,1.0127503871917725,225.0,137.0
CL108101048A,-3.5356445,0.3376147150993347,225.0,137.0
CL108101048A,11.947266,1.432096242904663,180.0,136.0
CL108101048A,6.0126953,1.2171181440353394,191.3099365234375,136.0
CL108101048A,-1.4770508,1.350224494934082,225.0,136.0
CL108101048A,3.9360352,1.0127503871917725,225.0,137.0
CL108101048A,10.01123,2.385944128036499,180.0,135.0
CL108101048A,6.8129883,2.2636361122131348,198.43495178222656,135.0
CL108101048A,6.9941406,2.1342999935150146,206.56504821777344,136.0
CL108101048A,11.848145,2.0527751445770264,215.5376739501953,136.0
CL108101048A,15.477051,1.39176344871521,210.96376037597656,134.0
CL108101048A,19.30957,1.9678637981414795,194.03623962402344,134.0
CL108101048A,24.947266,0.9548412561416626,0.0,134.0
CL108100003@,-2.0527344,0.3376147150993347,45.0,145.0
CL108100003@,-3.0527344,1.350224494934082,45.0,145.0
CL108100003@,-2.0527344,2.3619914054870605,45.0,144.0
CL108100003@,-0.052734375,1.721006155014038,33.690067291259766,143.0
CL108100003@,4.9472656,0.3376147150993347,315.0,143.0
CL108100003@,-3.0527344,1.067520260810852,206.56504821777344,145.0
CL108100003@,-5.0527344,0.9548412561416626,180.0,145.0
CL108100003@,-5.0527344,1.067520260810852,153.43495178222656,145.0
CL108100003@,-5.0527344,1.39176344871521,120.96375274658203,145.0
CL108100003@,-3.0527344,1.2171181440353394,101.30992889404297,144.0
CL108100003@,-0.052734375,0.3376147150993347,45.0,143.0
CL108100003@,-4.0527344,0.754894495010376,198.43495178222656,144.0
CL108100003@,-7.0527344,1.2171181440353394,168.6900634765625,144.0
CL108100003@,-10.052734,1.8175220489501953,156.80140686035156,144.0
CL108100003@,-10.052734,2.1342999935150146,153.43495178222656,143.0
CL108100003@,-9.052734,1.8175220489501953,156.80140686035156,143.0
CL108100003@,-6.0527344,1.067520260810852,206.56504821777344,143.0
CL108100003@,-2.0527344,0.0,270.0,144.0
CL108100003@,-9.052734,0.4774537682533264,90.0,144.0
CL108100003@,-16.052734,0.9548412561416626,90.0,143.0
CL108100003@,-15.052734,1.2171181440353394,101.30992889404297,143.0
CL108100003@,0.8183594,0.754894495010376,198.43495178222656,144.0
CL108100003@,-6.0527344,0.0,270.0,144.0
CL108100003@,-14.052734,1.0127503871917725,45.0,144.0
CL108100002@,-6.823242,0.754894495010376,161.56504821777344,146.0
CL108100002@,-6.275879,1.350224494934082,225.0,147.0
CL108100002@,-7.2070312,0.754894495010376,198.43495178222656,147.0
CL108100002@,-1.3862305,0.9548412561416626,90.0,147.0
CL108100002@,-1.3896484,0.754894495010376,18.434947967529297,146.0
CL108100002@,-9.375977,0.754894495010376,288.4349365234375,147.0
CL108100002@,-6.9506836,0.754894495010376,18.434947967529297,147.0
CL108100002@,-6.5,0.754894495010376,18.434947967529297,147.0
CL108100002@,1.2260742,0.9548412561416626,270.0,147.0
CL108100002@,6.9038086,1.350224494934082,225.0,148.0
CL108100002@,6.9472656,1.9091523885726929,180.0,148.0
CL108100002@,-15.006348,0.3376147150993347,225.0,148.0
CL108100002@,-10.570801,0.754894495010376,108.43495178222656,147.0
CL108100002@,-4.323242,0.754894495010376,198.43495178222656,147.0
CL108100002@,-0.21826172,1.067520260810852,206.56504821777344,147.0
CL108100002@,0.9472656,1.39176344871521,149.03623962402344,147.0
CL108100002@,-2.5356445,2.0527751445770264,144.4623260498047,146.0
CL108100002@,1.8535156,1.6876049041748047,171.86990356445312,146.0
CL108100002@,-6.0527344,0.754894495010376,18.434947967529297,147.0
CL108100002@,-11.574707,2.0527751445770264,54.46232223510742,146.0
CL108130008@,12.058105,1.8175220489501953,113.19859313964844,144.0
CL108130008@,16.562012,1.067520260810852,116.56504821777344,143.0
CL108130008@,18.990234,0.6752060055732727,315.0,143.0
CL108130008@,22.547363,1.39176344871521,329.0362548828125,144.0
CL108130008@,9.471191,0.754894495010376,108.43495178222656,145.0
CL108130008@,9.806152,1.6876049041748047,81.8698959350586,144.0
CL108130008@,7.53125,0.754894495010376,18.434947967529297,143.0
CL108130008@,15.945801,1.0127503871917725,315.0,144.0
CL108130008@,4.9526367,1.067520260810852,206.56504821777344,144.0
CL108130008@,2.9731445,1.2171181440353394,168.6900634765625,145.0
CL108130008@,1.9672852,0.4774537682533264,90.0,144.0
CL108130008@,-3.4160156,1.2171181440353394,348.6900634765625,144.0
CL108130008@,3.1015625,0.9548412561416626,0.0,144.0
CL108130008@,-6.5649414,1.350224494934082,45.0,144.0
CL108130008@,-1.5322266,0.4774537682533264,90.0,144.0
CL108130008@,-0.67089844,0.4774537682533264,180.0,143.0
CL108130008@,-6.161621,0.754894495010376,251.56504821777344,144.0
CL108130008@,-6.5200195,0.4774537682533264,270.0,145.0
CL108130008@,-5.5942383,1.8175220489501953,23.198591232299805,146.0
CL108130008@,-7.7197266,2.385944128036499,53.130104064941406,145.0
CL108130008@,-9.504883,1.39176344871521,59.0362434387207,144.0
CL108130008@,-7.772949,0.4774537682533264,0.0,144.0
CL108130008@,-10.630371,0.3376147150993347,225.0,144.0
CL108130008@,-15.252441,1.8175220489501953,246.80140686035156,146.0
CL108130008@,-8.442871,0.3376147150993347,135.0,147.0
CL108130008@,-4.3564453,2.1607890129089355,83.65980529785156,146.0
CL108130008@,-9.211914,1.5095269680023193,71.56504821777344,144.0
CL108130008@,-12.266602,0.3376147150993347,45.0,144.0
CL108130008@,-5.4331055,1.350224494934082,225.0,144.0
CL108130008@,-8.59082,2.3619914054870605,225.0,145.0
CL108130008@,-13.183594,1.6876049041748047,188.13009643554688,146.0
CL108130008@,-10.512695,1.721006155014038,123.69007110595703,145.0
CL108130008@,-6.265625,1.2171181440353394,101.30992889404297,145.0
CL108130008@,1.4677734,0.6752060055732727,45.0,144.0
CL108130008@,-3.5390625,0.0,270.0,144.0
CL108130008@,-8.005859,1.350224494934082,225.0,144.0
CL108130008@,2.7231445,0.6752060055732727,135.0,145.0
CL108130008@,-0.6147461,0.6752060055732727,135.0,144.0
CL108130003@,6.5,1.6876049041748047,81.8698959350586,144.0
CL108130003@,-5.842285,0.754894495010376,71.56504821777344,145.0
CL108130003@,-2.1210938,1.350224494934082,45.0,144.0
CL108130003@,2.6235352,1.6876049041748047,8.130102157592773,144.0
CL108130003@,3.940918,1.432096242904663,0.0,144.0
CL108130003@,12.478027,0.3376147150993347,45.0,144.0
CL108130003@,17.668457,0.754894495010376,161.56504821777344,144.0
CL108130003@,18.421387,0.9548412561416626,180.0,144.0
CL108130003@,9.042969,1.5095269680023193,108.43495178222656,144.0
CL108130003@,12.712402,1.39176344871521,149.03623962402344,143.0
CL108130003@,15.377441,1.432096242904663,180.0,143.0
CL108130003@,15.32959,1.350224494934082,225.0,143.0
CL108130003@,16.689941,1.2171181440353394,258.6900634765625,144.0
CL108130006@,4.1293945,1.2171181440353394,258.6900634765625,143.0
CL108130006@,2.1469727,1.39176344871521,239.03623962402344,144.0
CL108130006@,15.947266,0.4774537682533264,270.0,143.0
CL108130006@,7.9472656,0.3376147150993347,315.0,143.0
CL108130006@,3.9472656,0.6752060055732727,315.0,143.0
CL108130006@,-0.052734375,1.067520260810852,333.4349365234375,143.0
CL108130006@,-2.5288086,0.4774537682533264,0.0,144.0
CL108130005@,17.947266,2.0248682498931885,45.0,143.0
CL108130005@,15.356445,0.9548412561416626,0.0,142.0
CL108130005@,1.2231445,1.6876049041748047,278.1300964355469,143.0
CL108130005@,2.065918,1.721006155014038,56.309932708740234,144.0
CL108130005@,4.5893555,1.350224494934082,315.0,143.0
CL108130005@,2.9472656,1.0127503871917725,315.0,144.0
CL108130005@,1.1977539,0.754894495010376,341.5650634765625,144.0
CL108130005@,-1.0581055,1.067520260810852,296.5650634765625,144.0
CL108130005@,5.9472656,0.9548412561416626,0.0,145.0
CL108130005@,14.797852,2.0248682498931885,45.0,144.0
CL108130005@,-1.434082,0.754894495010376,161.56504821777344,144.0
CL108130004@,1.4672852,1.067520260810852,243.43495178222656,143.0
CL108130004@,9.199219,0.4774537682533264,270.0,142.0
CL108130004@,6.803711,0.9548412561416626,270.0,142.0
CL108130004@,4.0063477,1.0127503871917725,315.0,142.0
CL108130004@,5.743164,1.2171181440353394,281.3099365234375,142.0
CL108130004@,-4.116211,1.39176344871521,300.9637451171875,143.0
CL108130004@,-1.0527344,0.754894495010376,18.434947967529297,142.0
CL108130004@,-2.0063477,1.2171181440353394,281.3099365234375,142.0
CL108100006A,5.1445312,0.754894495010376,198.43495178222656,144.0
CL108100006A,0.9472656,0.0,270.0,144.0
CL108100006A,-7.0185547,0.754894495010376,251.56504821777344,144.0
CL108100006A,-0.052734375,0.4774537682533264,0.0,144.0
CL108100006A,-11.052734,0.0,270.0,144.0
CL108100006A,2.9472656,0.9548412561416626,0.0,145.0
CL108100006A,2.770996,1.2171181440353394,348.6900634765625,145.0
CL108100006A,-11.391602,1.0127503871917725,315.0,146.0
CL108101050@,-17.973145,0.754894495010376,288.4349365234375,129.0
CL108101050@,-3.4189453,0.9548412561416626,270.0,130.0
CL108101050@,-6.6367188,0.9548412561416626,90.0,130.0
CL108101050@,-11.541504,0.754894495010376,71.56504821777344,129.0
CL108101050@,-16.356445,1.067520260810852,296.5650634765625,129.0
CL108101050@,1.059082,1.067520260810852,243.43495178222656,130.0
CL108101050@,-8.034668,0.4774537682533264,90.0,130.0
CL108101050@,-19.908203,0.9548412561416626,0.0,129.0
CL108101050@,-20.586426,1.721006155014038,326.3099365234375,130.0
CL108101050@,-0.8745117,1.067520260810852,243.43495178222656,129.0
CL108101050@,-5.229004,0.4774537682533264,270.0,130.0
CL108101050@,-17.052734,1.0127503871917725,315.0,130.0
CL108101050@,-6.0527344,0.754894495010376,251.56504821777344,129.0
CL108101050@,-17.391602,1.067520260810852,243.43495178222656,130.0
CL108101050@,-22.052734,1.6876049041748047,225.0,129.0
CL108101050@,-33.36377,1.8175220489501953,246.80140686035156,130.0
CL108101050@,-8.1328125,1.0127503871917725,135.0,128.0
CL108101050@,-20.546387,1.721006155014038,236.3099365234375,128.0
CL108101050@,-8.815918,1.5095269680023193,71.56504821777344,128.0
CL108101050@,-27.966309,1.0127503871917725,225.0,128.0
CL108105002@,-7.044922,-9999.0,-9999.0,3.3999999521443642e+38
CL108105002@,-10.910645,-9999.0,-9999.0,3.3999999521443642e+38
CL108105002@,-9.609375,-9999.0,-9999.0,3.3999999521443642e+38
CL108105002@,-20.20752,-9999.0,-9999.0,3.3999999521443642e+38
CL108105002@,-0.87158203,-9999.0,-9999.0,3.3999999521443642e+38
CL108105002@,-12.229492,-9999.0,-9999.0,3.3999999521443642e+38
CL108105002@,-27.351074,-9999.0,-9999.0,3.3999999521443642e+38
CL108105002@,-28.284668,-9999.0,-9999.0,3.3999999521443642e+38
CL108105002@,-3.953125,-9999.0,-9999.0,3.3999999521443642e+38
CL108105002@,-17.714844,-9999.0,-9999.0,3.3999999521443642e+38
CL108105002@,-38.208008,-9999.0,-9999.0,3.3999999521443642e+38
CL108105002@,-33.628906,-9999.0,-9999.0,3.3999999521443642e+38
CL108105002@,-12.522461,1.8175220489501953,203.19859313964844,133.0
CL108105002@,-18.35791,1.39176344871521,239.03623962402344,133.0
CL108105002@,-41.015625,1.6876049041748047,261.8699035644531,134.0
CL108105002@,-27.41455,0.6752060055732727,225.0,135.0
CL108105002@,-18.672363,2.0527751445770264,215.5376739501953,131.0
CL108105002@,-16.19336,2.569502830505371,248.19859313964844,132.0
CL108105002@,-28.48877,2.433138847351074,258.6900634765625,134.0
CL108105002@,-23.318848,0.754894495010376,198.43495178222656,135.0
CL108105002@,-12.677246,1.39176344871521,300.9637451171875,131.0
CL108105002@,-16.402344,2.385944128036499,270.0,132.0
CL108105002@,-31.806152,2.1342999935150146,243.43495178222656,134.0
CL108105002@,-24.591797,1.432096242904663,180.0,134.0
CL108105002@,-0.084472656,1.2171181440353394,258.6900634765625,132.0
CL108105002@,-14.742676,1.721006155014038,213.6900634765625,133.0
CL108105002@,-11.125977,1.9091523885726929,180.0,133.0
CL108105002@,-5.2924805,1.6876049041748047,188.13009643554688,132.0
CL108101048C,-11.425293,1.721006155014038,56.309932708740234,138.0
CL108101048C,-9.7421875,1.2171181440353394,11.309932708740234,139.0
CL108101048C,-11.55957,2.3619914054870605,45.0,139.0
CL108101048C,-10.485352,1.8175220489501953,66.80140686035156,137.0
CL108101048C,-7.5424805,1.2171181440353394,168.6900634765625,139.0
CL108101048C,-9.5546875,0.9548412561416626,270.0,138.0
CL108101048C,-6.840332,1.0127503871917725,315.0,140.0
CL108101048C,-9.859863,2.1342999935150146,63.4349479675293,139.0
CL108101048C,-10.669434,2.719923257827759,74.74488067626953,138.0
CL108101048C,-16.97168,0.3376147150993347,315.0,136.0
CL108101048C,-5.647461,1.9091523885726929,270.0,138.0
CL108101048C,-3.0390625,1.0127503871917725,315.0,139.0
CL108101048C,-5.289551,0.9548412561416626,0.0,140.0
CL108101048C,-9.664551,1.6876049041748047,261.8699035644531,139.0
CL108101048C,-1.5913086,0.754894495010376,251.56504821777344,140.0
CL108101048C,-4.45459,1.432096242904663,90.0,140.0
CL108101048C,-6.9506836,2.456394672393799,60.945396423339844,138.0
CL108101048C,-9.4140625,2.1607890129089355,353.6598205566406,137.0
CL108101048C,-6.227539,2.719923257827759,322.1250305175781,138.0
CL108101048C,-0.8930664,1.8175220489501953,336.8014221191406,139.0
CL108101048C,-5.317383,0.9548412561416626,0.0,139.0
CL108101048C,0.390625,0.754894495010376,251.56504821777344,139.0
CL108101048C,-4.188965,0.4774537682533264,180.0,140.0
CL108101048C,-11.572754,1.067520260810852,116.56504821777344,139.0
CL108101048C,-19.27246,1.067520260810852,116.56504821777344,139.0
CL108101048C,-1.8242188,2.2636361122131348,341.5650634765625,139.0
CL108101048C,-6.9213867,2.1342999935150146,333.4349365234375,140.0
CL108101048C,-4.414551,0.9548412561416626,0.0,140.0
CL108101048C,-9.770996,0.754894495010376,71.56504821777344,140.0
CL108101048C,-5.9418945,0.754894495010376,108.43495178222656,139.0
CL108101048C,-9.30957,0.4774537682533264,180.0,139.0
CL108101048C,-5.0947266,0.754894495010376,251.56504821777344,139.0
CL108101048C,-10.396973,0.3376147150993347,315.0,139.0
CL108101048C,-12.87793,1.067520260810852,63.4349479675293,139.0
CL108101048C,-16.704102,1.067520260810852,63.4349479675293,138.0
CL108101048C,-14.558105,1.0127503871917725,45.0,138.0
CL108101048C,-12.439941,0.754894495010376,198.43495178222656,140.0
CL108101048C,-12.0,0.754894495010376,161.56504821777344,140.0
CL108101048C,-17.562012,0.4774537682533264,90.0,139.0
CL108101048C,-13.533203,1.067520260810852,63.4349479675293,139.0
CL108101048C,-16.525879,0.3376147150993347,45.0,138.0
CL108101048C,-13.282715,1.2171181440353394,281.3099365234375,139.0
CL108101048C,-11.714355,1.8175220489501953,203.19859313964844,137.0
CL108101048C,-11.288086,2.698951005935669,225.0,138.0
CL108101048C,-9.974121,2.1342999935150146,206.56504821777344,139.0
CL108101048C,-18.0,1.6876049041748047,188.13009643554688,139.0
CL108101048C,-16.050293,1.067520260810852,243.43495178222656,139.0
CL108101048C,-22.592285,1.39176344871521,329.0362548828125,140.0
CL108101048C,-19.988281,2.2636361122131348,18.434947967529297,140.0
CL108101048C,-22.00293,2.1342999935150146,26.565052032470703,139.0
CL108101048C,-17.086914,1.0127503871917725,315.0,139.0
CL108101048C,-21.354492,1.432096242904663,270.0,140.0
CL108101048C,-24.512695,2.3619914054870605,45.0,141.0
CL108101048C,-19.324707,1.0127503871917725,45.0,139.0
CL108101048C,-20.248535,1.067520260810852,243.43495178222656,140.0
CL108116003@,-7.8305664,-9999.0,-9999.0,3.3999999521443642e+38
CL108116003@,-8.09668,-9999.0,-9999.0,3.3999999521443642e+38
CL108116003@,-8.195801,-9999.0,-9999.0,3.3999999521443642e+38
CL108116003@,-5.9101562,-9999.0,-9999.0,3.3999999521443642e+38
CL108116003@,-11.321289,-9999.0,-9999.0,3.3999999521443642e+38
CL108116003@,-4.190918,-9999.0,-9999.0,3.3999999521443642e+38
CL108116003@,-4.661133,-9999.0,-9999.0,3.3999999521443642e+38
CL108116003@,-6.791504,-9999.0,-9999.0,3.3999999521443642e+38
CL108116003@,-18.269043,-9999.0,-9999.0,3.3999999521443642e+38
CL108116003@,-18.766113,-9999.0,-9999.0,3.3999999521443642e+38
CL108116003@,-11.75293,-9999.0,-9999.0,3.3999999521443642e+38
CL108116003@,-14.957031,-9999.0,-9999.0,3.3999999521443642e+38
CL108116003@,-5.6723633,-9999.0,-9999.0,3.3999999521443642e+38
CL108116003@,-4.282715,-9999.0,-9999.0,3.3999999521443642e+38
CL108116003@,-7.9174805,-9999.0,-9999.0,3.3999999521443642e+38
CL108116003@,-12.861816,-9999.0,-9999.0,3.3999999521443642e+38
CL108116003@,-14.136719,-9999.0,-9999.0,3.3999999521443642e+38
CL108116003@,-14.146484,-9999.0,-9999.0,3.3999999521443642e+38
CL108116003@,-7.474121,-9999.0,-9999.0,3.3999999521443642e+38
CL108116003@,-10.640625,-9999.0,-9999.0,3.3999999521443642e+38
CL108116003@,-16.818848,-9999.0,-9999.0,3.3999999521443642e+38
CL108116003@,-22.973145,-9999.0,-9999.0,3.3999999521443642e+38
CL108116003@,-13.068848,-9999.0,-9999.0,3.3999999521443642e+38
CL108116003@,-22.752441,-9999.0,-9999.0,3.3999999521443642e+38
CL108116003@,-20.016113,-9999.0,-9999.0,3.3999999521443642e+38
CL108116002@,-10.283203,-9999.0,-9999.0,3.3999999521443642e+38
CL108116002@,-8.086914,-9999.0,-9999.0,3.3999999521443642e+38
CL108116002@,-6.0527344,-9999.0,-9999.0,3.3999999521443642e+38
CL108116002@,-3.5761719,-9999.0,-9999.0,3.3999999521443642e+38
CL108116002@,-18.580078,-9999.0,-9999.0,3.3999999521443642e+38
CL108116002@,-12.518066,-9999.0,-9999.0,3.3999999521443642e+38
CL108116002@,-5.1030273,-9999.0,-9999.0,3.3999999521443642e+38
CL108116001@,37.753418,-9999.0,-9999.0,3.3999999521443642e+38
CL108116001@,30.073242,-9999.0,-9999.0,3.3999999521443642e+38
CL108116001@,8.248535,-9999.0,-9999.0,3.3999999521443642e+38
CL108116001@,3.9472656,-9999.0,-9999.0,3.3999999521443642e+38
CL108116001@,-2.0527344,-9999.0,-9999.0,3.3999999521443642e+38
CL108116001@,-9.273926,-9999.0,-9999.0,3.3999999521443642e+38
CL108116001@,-1.0527344,-9999.0,-9999.0,3.3999999521443642e+38
CL108116001@,-1.0527344,-9999.0,-9999.0,3.3999999521443642e+38
CL108116001@,-9.839844,-9999.0,-9999.0,3.3999999521443642e+38
CL108116005@,-1.6455078,-9999.0,-9999.0,3.3999999521443642e+38
CL108116005@,-1.5151367,-9999.0,-9999.0,3.3999999521443642e+38
CL108116005@,-3.3603516,-9999.0,-9999.0,3.3999999521443642e+38
CL108116005@,-4.0786133,-9999.0,-9999.0,3.3999999521443642e+38
CL108116005@,-8.797852,-9999.0,-9999.0,3.3999999521443642e+38
CL108116005@,-15.512207,-9999.0,-9999.0,3.3999999521443642e+38
CL108116005@,-8.138672,-9999.0,-9999.0,3.3999999521443642e+38
CL108116005@,-8.911133,-9999.0,-9999.0,3.3999999521443642e+38
CL108116005@,-14.963379,-9999.0,-9999.0,3.3999999521443642e+38
CL108116005@,-18.645508,-9999.0,-9999.0,3.3999999521443642e+38
CL108116005@,-11.898926,-9999.0,-9999.0,3.3999999521443642e+38
CL108116005@,-16.917969,-9999.0,-9999.0,3.3999999521443642e+38
CL108116005@,-14.832031,-9999.0,-9999.0,3.3999999521443642e+38
CL108116005@,-23.964844,-9999.0,-9999.0,3.3999999521443642e+38
CL108116006@,-3.692871,-9999.0,-9999.0,3.3999999521443642e+38
CL108116006@,-15.595215,-9999.0,-9999.0,3.3999999521443642e+38
CL108116006@,-14.274902,-9999.0,-9999.0,3.3999999521443642e+38
CL108116006@,0.012207031,-9999.0,-9999.0,3.3999999521443642e+38
CL108116006@,-5.958496,-9999.0,-9999.0,3.3999999521443642e+38
CL108116006@,-3.7514648,-9999.0,-9999.0,3.3999999521443642e+38
CL108116006@,-17.560547,-9999.0,-9999.0,3.3999999521443642e+38
CL108116006@,-27.541504,-9999.0,-9999.0,3.3999999521443642e+38
CL108116006@,-9.139648,-9999.0,-9999.0,3.3999999521443642e+38
CL108116006@,-8.739258,-9999.0,-9999.0,3.3999999521443642e+38
CL108116006@,-18.833008,-9999.0,-9999.0,3.3999999521443642e+38
CL108116006@,-14.4140625,-9999.0,-9999.0,3.3999999521443642e+38
CL108116006@,-18.74121,-9999.0,-9999.0,3.3999999521443642e+38
CL108116006@,-25.761719,-9999.0,-9999.0,3.3999999521443642e+38
CL108101049@,-14.146484,2.456394672393799,60.945396423339844,136.0
CL108101049@,-8.847656,0.754894495010376,251.56504821777344,137.0
CL108101049@,-19.719727,1.6876049041748047,81.8698959350586,136.0
CL108101049@,-6.9506836,1.9678637981414795,284.0362548828125,135.0
CL108101049@,-9.226074,0.6752060055732727,225.0,136.0
CL108101049@,-8.322754,1.721006155014038,326.3099365234375,136.0
CL108101049@,-11.590332,0.9548412561416626,90.0,136.0
CL108101049@,-11.195801,1.350224494934082,135.0,135.0
CL108101049@,-2.3496094,1.39176344871521,329.0362548828125,136.0
CL108101049@,-11.149414,0.4774537682533264,0.0,137.0
CL108101049@,-11.963867,1.9091523885726929,90.0,136.0
CL108101049@,-7.489258,0.9548412561416626,90.0,134.0
CL108101049@,0.21582031,0.9548412561416626,180.0,135.0
CL108101049@,-6.0615234,1.432096242904663,270.0,136.0
CL108101049@,-5.117676,0.6752060055732727,315.0,137.0
CL108101049@,-8.371094,0.754894495010376,71.56504821777344,136.0
CL108101049@,-11.57666,1.5095269680023193,71.56504821777344,136.0
CL108101049@,-11.495117,1.39176344871521,30.963756561279297,135.0
CL108101049@,-2.2143555,1.2171181440353394,281.3099365234375,135.0
CL108101049@,-4.370117,1.8175220489501953,293.1985778808594,136.0
CL108101049@,-6.279297,0.6752060055732727,315.0,137.0
CL108101049@,-5.2822266,1.0127503871917725,45.0,137.0
CL108101049@,-13.222656,1.39176344871521,30.963756561279297,136.0
CL108101049@,-19.600098,1.5095269680023193,18.434947967529297,136.0
CL108101049@,-6.76416,2.719923257827759,285.255126953125,136.0
CL108101049@,-2.053711,2.0248682498931885,315.0,137.0
CL108101049@,-2.097168,0.9548412561416626,0.0,137.0
CL108101049@,-2.5126953,0.754894495010376,71.56504821777344,137.0
CL108101049@,-14.349121,0.4774537682533264,90.0,137.0
CL108101049@,-17.970215,0.4774537682533264,90.0,137.0
CL108101049@,-7.611328,3.372286796569824,278.1300964355469,136.0
CL108101049@,-6.8867188,2.1607890129089355,6.340191841125488,138.0
CL108101049@,-11.07373,2.385944128036499,53.130104064941406,137.0
CL108101049@,-14.442383,1.8175220489501953,113.19859313964844,136.0
CL108101049@,-13.055176,1.9678637981414795,165.96376037597656,136.0
CL108101049@,-7.8847656,2.9018216133117676,279.4623107910156,136.0
CL108100006B,1.8442383,0.9548412561416626,90.0,146.0
CL108100006B,0.5600586,1.0127503871917725,45.0,145.0
CL108100006B,-0.6069336,1.067520260810852,243.43495178222656,145.0
CL108100006B,5.2128906,0.754894495010376,161.56504821777344,145.0
CL108100006B,-2.3139648,0.3376147150993347,135.0,145.0
CL108100006B,-2.2416992,0.0,270.0,145.0
